task_name,timestamp,project_name,run_id,duration,emissions,emissions_rate,cpu_power,gpu_power,ram_power,cpu_energy,gpu_energy,ram_energy,energy_consumed,water_consumed,country_name,country_iso_code,region,cloud_provider,cloud_region,os,python_version,codecarbon_version,cpu_count,cpu_model,gpu_count,gpu_model,ram_total_size,tracking_mode,on_cloud,gpu_util_pct,gpu_active_mem_mb,gpu_reserved_mem_mb,cpu_util_pct,process_ram_res_mb,system_ram_gb,disk_read_mb
Step #2,2026-03-07T12:47:16,energy-efficiency,120a5552-160a-4dc7-b779-3ffef7ca3732,0.779015589505434,4.945033861293416e-07,6.343061559709456e-07,360.0,211.19648983748658,10.0,7.779289931058882e-05,4.563920317934844e-05,2.160683222528961e-06,0.00012559278571246623,0.0,Canada,CAN,quebec,,,Linux-5.15.0-152-generic-x86_64-with-glibc2.35,3.14.2,3.1.0,4,AMD EPYC 9554 64-Core Processor,1,1 x NVIDIA RTX A5000,4,machine,N,100,3018.05908203125,13544.0,0.5,5052.6328125,13.566455841064453,0.03515625
Step #4,2026-03-07T12:47:17,energy-efficiency,120a5552-160a-4dc7-b779-3ffef7ca3732,0.78001344576478,4.963687090998837e-07,6.360951665797767e-07,360.0,209.61865537808515,10.0,7.82991524785757e-05,4.559253648039885e-05,2.174847014248371e-06,0.00012606653597322293,0.0,Canada,CAN,quebec,,,Linux-5.15.0-152-generic-x86_64-with-glibc2.35,3.14.2,3.1.0,4,AMD EPYC 9554 64-Core Processor,1,1 x NVIDIA RTX A5000,4,machine,N,100,3022.87158203125,13986.0,0.5,5106.91015625,13.611324310302734,0.03515625
Step #6,2026-03-07T12:47:19,energy-efficiency,120a5552-160a-4dc7-b779-3ffef7ca3732,0.779782984405756,4.963593132087436e-07,6.364032715731683e-07,360.0,211.66963427549447,10.0,7.802168689668179e-05,4.5875314484078444e-05,2.167148246533341e-06,0.00012606414962729358,0.0,Canada,CAN,quebec,,,Linux-5.15.0-152-generic-x86_64-with-glibc2.35,3.14.2,3.1.0,4,AMD EPYC 9554 64-Core Processor,1,1 x NVIDIA RTX A5000,4,machine,N,100,3022.87158203125,13986.0,0.5,5123.765625,13.620429992675781,0.03515625
Step #8,2026-03-07T12:47:20,energy-efficiency,120a5552-160a-4dc7-b779-3ffef7ca3732,0.7801652289927006,4.69429223954562e-07,6.015907095485345e-07,360.0,179.28118812223806,10.0,7.813960649073124e-05,3.89144755814641e-05,2.170427981764078e-06,0.00011922451005395938,0.0,Canada,CAN,quebec,,,Linux-5.15.0-152-generic-x86_64-with-glibc2.35,3.14.2,3.1.0,4,AMD EPYC 9554 64-Core Processor,1,1 x NVIDIA RTX A5000,4,machine,N,100,3022.87158203125,13986.0,0.5,5128.90234375,13.6182861328125,0.03515625
Step #10,2026-03-07T12:47:22,energy-efficiency,120a5552-160a-4dc7-b779-3ffef7ca3732,0.7814406156539917,4.748529253218578e-07,6.078413632993622e-07,360.0,185.3039805564717,10.0,7.818505316972734e-05,4.024530997526199e-05,2.171645592898131e-06,0.00012060200873788751,0.0,Canada,CAN,quebec,,,Linux-5.15.0-152-generic-x86_64-with-glibc2.35,3.14.2,3.1.0,4,AMD EPYC 9554 64-Core Processor,1,1 x NVIDIA RTX A5000,4,machine,N,100,3022.87158203125,13986.0,0.5,5153.078125,13.637523651123047,0.03515625
Step #12,2026-03-07T12:47:23,energy-efficiency,120a5552-160a-4dc7-b779-3ffef7ca3732,0.7825544811785221,4.7310919610938634e-07,6.045218335975071e-07,360.0,182.6464663659562,10.0,7.82725043594837e-05,3.971253175905076e-05,2.174104450063573e-06,0.0001201591405685981,0.0,Canada,CAN,quebec,,,Linux-5.15.0-152-generic-x86_64-with-glibc2.35,3.14.2,3.1.0,4,AMD EPYC 9554 64-Core Processor,1,1 x NVIDIA RTX A5000,4,machine,N,100,3022.87158203125,13986.0,0.5,5163.2265625,13.6397705078125,0.03515625
Step #14,2026-03-07T12:47:25,energy-efficiency,120a5552-160a-4dc7-b779-3ffef7ca3732,0.7864103801548481,4.989448388572869e-07,6.344302092232838e-07,360.0,209.97402750696864,10.0,7.865738198161126e-05,4.587864781058215e-05,2.184785447186893e-06,0.00012672081523938032,0.0,Canada,CAN,quebec,,,Linux-5.15.0-152-generic-x86_64-with-glibc2.35,3.14.2,3.1.0,4,AMD EPYC 9554 64-Core Processor,1,1 x NVIDIA RTX A5000,4,machine,N,100,3022.87158203125,13986.0,0.4,5172.66015625,13.642112731933594,0.03515625
Step #16,2026-03-07T12:47:26,energy-efficiency,120a5552-160a-4dc7-b779-3ffef7ca3732,0.7874668315052986,4.834770003267888e-07,6.139456860720817e-07,360.0,190.5549660192671,10.0,7.885939739644531e-05,4.1742533383626323e-05,2.190399873587819e-06,0.00012279233065365944,0.0,Canada,CAN,quebec,,,Linux-5.15.0-152-generic-x86_64-with-glibc2.35,3.14.2,3.1.0,4,AMD EPYC 9554 64-Core Processor,1,1 x NVIDIA RTX A5000,4,machine,N,100,3022.87158203125,13986.0,0.5,5184.0390625,13.645416259765625,0.03515625
Step #18,2026-03-07T12:47:28,energy-efficiency,120a5552-160a-4dc7-b779-3ffef7ca3732,0.784966342151165,5.011180170793685e-07,6.383345358349042e-07,360.0,211.03642693300472,10.0,7.885548770427699e-05,4.6226981424979385e-05,2.190284710377454e-06,0.00012727275383963383,0.0,Canada,CAN,quebec,,,Linux-5.15.0-152-generic-x86_64-with-glibc2.35,3.14.2,3.1.0,4,AMD EPYC 9554 64-Core Processor,1,1 x NVIDIA RTX A5000,4,machine,N,100,3022.87158203125,13986.0,0.4,5190.84375,13.644630432128906,0.03515625
Step #20,2026-03-07T12:47:29,energy-efficiency,120a5552-160a-4dc7-b779-3ffef7ca3732,0.7891538366675377,4.992079340909675e-07,6.324766720654523e-07,360.0,209.81293817103355,10.0,7.872076891362668e-05,4.588031448804486e-05,2.186552135066853e-06,0.0001267876355367382,0.0,Canada,CAN,quebec,,,Linux-5.15.0-152-generic-x86_64-with-glibc2.35,3.14.2,3.1.0,4,AMD EPYC 9554 64-Core Processor,1,1 x NVIDIA RTX A5000,4,machine,N,100,3022.87158203125,13986.0,0.5,5195.640625,13.64505386352539,0.03515625
Step #22,2026-03-07T12:47:31,energy-efficiency,120a5552-160a-4dc7-b779-3ffef7ca3732,0.7790546976029873,4.563243757657256e-07,5.856302452548264e-07,360.0,165.354655215046,10.0,7.79342330992222e-05,3.5797250859559426e-05,2.164688137256438e-06,0.00011589617209603804,0.0,Canada,CAN,quebec,,,Linux-5.15.0-152-generic-x86_64-with-glibc2.35,3.14.2,3.1.0,4,AMD EPYC 9554 64-Core Processor,1,1 x NVIDIA RTX A5000,4,machine,N,100,3022.87158203125,13986.0,0.5,5205.890625,13.647758483886719,0.03515625
Step #24,2026-03-07T12:47:33,energy-efficiency,120a5552-160a-4dc7-b779-3ffef7ca3732,0.7822593189775944,5.020445676060343e-07,6.416182169758526e-07,360.0,216.4747714615932,10.0,7.82687492668629e-05,4.706531542808534e-05,2.1740122284326286e-06,0.00012750807692338078,0.0,Canada,CAN,quebec,,,Linux-5.15.0-152-generic-x86_64-with-glibc2.35,3.14.2,3.1.0,4,AMD EPYC 9554 64-Core Processor,1,1 x NVIDIA RTX A5000,4,machine,N,100,3022.87158203125,13986.0,0.5,5207.66796875,13.641693115234375,0.03515625
Step #26,2026-03-07T12:47:34,energy-efficiency,120a5552-160a-4dc7-b779-3ffef7ca3732,0.7818190269172192,5.075603518497289e-07,6.491255212843847e-07,360.0,223.39728067085397,10.0,7.820556834340102e-05,4.85311499431873e-05,2.172244309137264e-06,0.00012890896259572563,0.0,Canada,CAN,quebec,,,Linux-5.15.0-152-generic-x86_64-with-glibc2.35,3.14.2,3.1.0,4,AMD EPYC 9554 64-Core Processor,1,1 x NVIDIA RTX A5000,4,machine,N,100,3022.87158203125,13986.0,0.4,5220.22265625,13.643241882324219,0.03515625
Step #28,2026-03-07T12:47:36,energy-efficiency,120a5552-160a-4dc7-b779-3ffef7ca3732,0.7822718061506748,5.017167357425142e-07,6.412293945393996e-07,360.0,216.18639037350968,10.0,7.825612686574454e-05,4.6995037592978406e-05,2.173650513092677e-06,0.00012742481497181562,0.0,Canada,CAN,quebec,,,Linux-5.15.0-152-generic-x86_64-with-glibc2.35,3.14.2,3.1.0,4,AMD EPYC 9554 64-Core Processor,1,1 x NVIDIA RTX A5000,4,machine,N,100,3022.87158203125,13986.0,0.5,5252.26171875,13.661827087402344,0.03515625
Step #30,2026-03-07T12:47:37,energy-efficiency,120a5552-160a-4dc7-b779-3ffef7ca3732,0.7819836027920246,4.819156918908735e-07,6.161928012339995e-07,360.0,190.74429043070106,10.0,7.857817299664017e-05,4.1635033312559244e-05,2.182586967117259e-06,0.00012239579327631657,0.0,Canada,CAN,quebec,,,Linux-5.15.0-152-generic-x86_64-with-glibc2.35,3.14.2,3.1.0,4,AMD EPYC 9554 64-Core Processor,1,1 x NVIDIA RTX A5000,4,machine,N,100,3022.87158203125,13986.0,0.4,5261.22265625,13.662750244140625,0.03515625
Step #32,2026-03-07T12:47:39,energy-efficiency,120a5552-160a-4dc7-b779-3ffef7ca3732,0.7832887098193169,4.908428857019151e-07,6.265650294194615e-07,360.0,202.64003174745508,10.0,7.837121151387698e-05,4.411503527990135e-05,2.1768537867400384e-06,0.00012466310058051864,0.0,Canada,CAN,quebec,,,Linux-5.15.0-152-generic-x86_64-with-glibc2.35,3.14.2,3.1.0,4,AMD EPYC 9554 64-Core Processor,1,1 x NVIDIA RTX A5000,4,machine,N,100,3022.87158203125,13986.0,0.5,5266.02734375,13.663684844970703,0.03515625
Step #34,2026-03-07T12:47:40,energy-efficiency,120a5552-160a-4dc7-b779-3ffef7ca3732,0.7836157716810703,4.926321535694181e-07,6.286091412574629e-07,360.0,204.61841812674703,10.0,7.838607542216781e-05,4.4554202304425417e-05,2.1772568217582193e-06,0.00012511753454835144,0.0,Canada,CAN,quebec,,,Linux-5.15.0-152-generic-x86_64-with-glibc2.35,3.14.2,3.1.0,4,AMD EPYC 9554 64-Core Processor,1,1 x NVIDIA RTX A5000,4,machine,N,100,3022.87158203125,13986.0,0.4,5272.203125,13.664993286132812,0.03515625
Step #36,2026-03-07T12:47:42,energy-efficiency,120a5552-160a-4dc7-b779-3ffef7ca3732,0.7857276126742363,4.908486726805088e-07,6.246762053205668e-07,360.0,201.39297697272775,10.0,7.854318991303445e-05,4.393975736149969e-05,2.181623068948586e-06,0.00012466457034348254,0.0,Canada,CAN,quebec,,,Linux-5.15.0-152-generic-x86_64-with-glibc2.35,3.14.2,3.1.0,4,AMD EPYC 9554 64-Core Processor,1,1 x NVIDIA RTX A5000,4,machine,N,100,3022.87158203125,13986.0,0.5,5300.375,13.681629180908203,0.03515625
Step #38,2026-03-07T12:47:43,energy-efficiency,120a5552-160a-4dc7-b779-3ffef7ca3732,0.7863442339003086,4.6961107600957705e-07,5.972663448991283e-07,360.0,176.00258159567122,10.0,7.863899804651741e-05,3.844753076975849e-05,2.1841675870948343e-06,0.00011927069640337061,0.0,Canada,CAN,quebec,,,Linux-5.15.0-152-generic-x86_64-with-glibc2.35,3.14.2,3.1.0,4,AMD EPYC 9554 64-Core Processor,1,1 x NVIDIA RTX A5000,4,machine,N,100,3022.87158203125,13986.0,0.4,5308.6875,13.682804107666016,0.03515625
Step #40,2026-03-07T12:47:45,energy-efficiency,120a5552-160a-4dc7-b779-3ffef7ca3732,0.7868447229266167,4.823184519695517e-07,6.129182538841559e-07,360.0,190.33593713348637,10.0,7.870120070874696e-05,4.1610866617247666e-05,2.186017990526226e-06,0.00012249808531652074,0.0,Canada,CAN,quebec,,,Linux-5.15.0-152-generic-x86_64-with-glibc2.35,3.14.2,3.1.0,4,AMD EPYC 9554 64-Core Processor,1,1 x NVIDIA RTX A5000,4,machine,N,100,3022.87158203125,13986.0,0.4,5334.515625,13.701042175292969,0.03515625
Step #42,2026-03-07T12:47:46,energy-efficiency,120a5552-160a-4dc7-b779-3ffef7ca3732,0.7900498434901237,4.830573029843726e-07,6.113377694139627e-07,360.0,191.2664466856032,10.0,7.869107574224482e-05,4.1808922333075316e-05,2.1857388524545535e-06,0.00012268573692777443,0.0,Canada,CAN,quebec,,,Linux-5.15.0-152-generic-x86_64-with-glibc2.35,3.14.2,3.1.0,4,AMD EPYC 9554 64-Core Processor,1,1 x NVIDIA RTX A5000,4,machine,N,100,3022.87158203125,13986.0,0.4,5343.50390625,13.702644348144531,0.03515625
Step #44,2026-03-07T12:47:48,energy-efficiency,120a5552-160a-4dc7-b779-3ffef7ca3732,0.7878880687057972,4.635279024260598e-07,5.882006170224479e-07,360.0,167.60592711464895,10.0,7.883294820785515e-05,3.670308491621199e-05,2.1896734212835625e-06,0.00011772570654535082,0.0,Canada,CAN,quebec,,,Linux-5.15.0-152-generic-x86_64-with-glibc2.35,3.14.2,3.1.0,4,AMD EPYC 9554 64-Core Processor,1,1 x NVIDIA RTX A5000,4,machine,N,100,3022.87158203125,13986.0,0.5,5389.75390625,13.739387512207031,0.03515625
Step #46,2026-03-07T12:47:49,energy-efficiency,120a5552-160a-4dc7-b779-3ffef7ca3732,0.7880331054329872,4.7665124746495067e-07,6.047754631136062e-07,360.0,181.92253441883784,10.0,7.896210402250298e-05,3.990336526271676e-05,2.193273003730507e-06,0.0001210587422889502,0.0,Canada,CAN,quebec,,,Linux-5.15.0-152-generic-x86_64-with-glibc2.35,3.14.2,3.1.0,4,AMD EPYC 9554 64-Core Processor,1,1 x NVIDIA RTX A5000,4,machine,N,100,3022.87158203125,13986.0,0.5,5413.69921875,13.753776550292969,0.03515625
Step #48,2026-03-07T12:47:51,energy-efficiency,120a5552-160a-4dc7-b779-3ffef7ca3732,0.7871017567813396,4.896430962150744e-07,6.220091593667277e-07,360.0,195.9838529945586,10.0,7.909878864884382e-05,4.306253444497088e-05,2.197057826237545e-06,0.0001243583809200522,0.0,Canada,CAN,quebec,,,Linux-5.15.0-152-generic-x86_64-with-glibc2.35,3.14.2,3.1.0,4,AMD EPYC 9554 64-Core Processor,1,1 x NVIDIA RTX A5000,4,machine,N,100,3022.87158203125,13986.0,0.5,5459.29296875,13.7900390625,0.03515625
Step #50,2026-03-07T12:47:52,energy-efficiency,120a5552-160a-4dc7-b779-3ffef7ca3732,0.791379451751709,5.012442168968603e-07,6.331186872601299e-07,360.0,208.7759111423446,10.0,7.918343208730238e-05,4.592198118302804e-05,2.1993924967116766e-06,0.00012730480576704202,0.0,Canada,CAN,quebec,,,Linux-5.15.0-152-generic-x86_64-with-glibc2.35,3.14.2,3.1.0,4,AMD EPYC 9554 64-Core Processor,1,1 x NVIDIA RTX A5000,4,machine,N,100,3022.87158203125,13986.0,0.5,5486.36328125,13.80923843383789,0.03515625
Step #52,2026-03-07T12:47:54,energy-efficiency,120a5552-160a-4dc7-b779-3ffef7ca3732,0.7886864393949509,5.017909186387936e-07,6.361746665504354e-07,360.0,209.07195231060402,10.0,7.92293224483728e-05,4.601364791767537e-05,2.200685400101874e-06,0.00012744365576615024,0.0,Canada,CAN,quebec,,,Linux-5.15.0-152-generic-x86_64-with-glibc2.35,3.14.2,3.1.0,4,AMD EPYC 9554 64-Core Processor,1,1 x NVIDIA RTX A5000,4,machine,N,100,3022.87158203125,13986.0,0.5,5531.0859375,13.848026275634766,0.03515625
Step #54,2026-03-07T12:47:55,energy-efficiency,120a5552-160a-4dc7-b779-3ffef7ca3732,0.7888736613094807,4.792820420235252e-07,6.074941568351839e-07,360.0,185.11415043767647,10.0,7.894139848649501e-05,4.059281025092787e-05,2.1926964529686487e-06,0.00012172690519039134,0.0,Canada,CAN,quebec,,,Linux-5.15.0-152-generic-x86_64-with-glibc2.35,3.14.2,3.1.0,4,AMD EPYC 9554 64-Core Processor,1,1 x NVIDIA RTX A5000,4,machine,N,100,3022.87158203125,13986.0,0.5,5558.07421875,13.865062713623047,0.03515625
Step #56,2026-03-07T12:47:57,energy-efficiency,120a5552-160a-4dc7-b779-3ffef7ca3732,0.7883734740316868,4.969419599404866e-07,6.30784873996335e-07,360.0,204.6218270650419,10.0,7.907135263085377e-05,4.494448037917209e-05,2.1962958388030575e-06,0.00012621212884882885,0.0,Canada,CAN,quebec,,,Linux-5.15.0-152-generic-x86_64-with-glibc2.35,3.14.2,3.1.0,4,AMD EPYC 9554 64-Core Processor,1,1 x NVIDIA RTX A5000,4,machine,N,100,3022.87158203125,13986.0,0.5,5603.53125,13.901805877685547,0.03515625
Step #58,2026-03-07T12:47:59,energy-efficiency,120a5552-160a-4dc7-b779-3ffef7ca3732,0.7886411994695663,4.954290368137592e-07,6.281187595541157e-07,360.0,203.2474195520065,10.0,7.901963479816894e-05,4.4613369027501903e-05,2.1948764307631413e-06,0.00012582788025643395,0.0,Canada,CAN,quebec,,,Linux-5.15.0-152-generic-x86_64-with-glibc2.35,3.14.2,3.1.0,4,AMD EPYC 9554 64-Core Processor,1,1 x NVIDIA RTX A5000,4,machine,N,100,3022.87158203125,13986.0,0.5,5629.984375,13.921005249023438,0.03515625
Step #60,2026-03-07T12:48:00,energy-efficiency,120a5552-160a-4dc7-b779-3ffef7ca3732,0.7893157973885536,4.906861618648828e-07,6.216563342302317e-07,360.0,196.08785865588027,10.0,7.925303690135485e-05,4.3168923426151196e-05,2.201335908224184e-06,0.0001246232962357303,0.0,Canada,CAN,quebec,,,Linux-5.15.0-152-generic-x86_64-with-glibc2.35,3.14.2,3.1.0,4,AMD EPYC 9554 64-Core Processor,1,1 x NVIDIA RTX A5000,4,machine,N,100,3022.87158203125,13986.0,0.5,5675.8046875,13.957714080810547,0.03515625
Step #62,2026-03-07T12:48:02,energy-efficiency,120a5552-160a-4dc7-b779-3ffef7ca3732,0.790585070848465,4.91161315179604e-07,6.211774748870649e-07,360.0,196.6564842373333,10.0,7.925016097724445e-05,4.3292534627425994e-05,2.2012789319786715e-06,0.00012474397453664894,0.0,Canada,CAN,quebec,,,Linux-5.15.0-152-generic-x86_64-with-glibc2.35,3.14.2,3.1.0,4,AMD EPYC 9554 64-Core Processor,1,1 x NVIDIA RTX A5000,4,machine,N,100,3022.87158203125,13986.0,0.5,5702.75,13.977622985839844,0.03515625
Step #64,2026-03-07T12:48:03,energy-efficiency,120a5552-160a-4dc7-b779-3ffef7ca3732,0.7933162860572338,4.799884659437553e-07,6.04943755542218e-07,360.0,182.4438769384114,10.0,7.943977117538456e-05,4.026003220758412e-05,2.2065176628529985e-06,0.00012190632104582119,0.0,Canada,CAN,quebec,,,Linux-5.15.0-152-generic-x86_64-with-glibc2.35,3.14.2,3.1.0,4,AMD EPYC 9554 64-Core Processor,1,1 x NVIDIA RTX A5000,4,machine,N,100,3022.87158203125,13986.0,0.5,5748.0078125,14.01412582397461,0.03515625
Step #66,2026-03-07T12:48:05,energy-efficiency,120a5552-160a-4dc7-b779-3ffef7ca3732,0.7952590808272362,4.838839580321163e-07,6.081383954195934e-07,360.0,188.35751822677045,10.0,7.923642545938506e-05,4.145836649627199e-05,2.2008968413704e-06,0.00012289568879702683,0.0,Canada,CAN,quebec,,,Linux-5.15.0-152-generic-x86_64-with-glibc2.35,3.14.2,3.1.0,4,AMD EPYC 9554 64-Core Processor,1,1 x NVIDIA RTX A5000,4,machine,N,100,3022.87158203125,13986.0,0.5,5775.16015625,14.033084869384766,0.03515625
Step #68,2026-03-07T12:48:06,energy-efficiency,120a5552-160a-4dc7-b779-3ffef7ca3732,0.7932745441794395,4.805369916944873e-07,6.057629530961399e-07,360.0,183.72621017569898,10.0,7.934644855558861e-05,4.0495310173582766e-05,2.2038755731450125e-06,0.00012204563430231671,0.0,Canada,CAN,quebec,,,Linux-5.15.0-152-generic-x86_64-with-glibc2.35,3.14.2,3.1.0,4,AMD EPYC 9554 64-Core Processor,1,1 x NVIDIA RTX A5000,4,machine,N,100,3022.87158203125,13986.0,0.4,5820.359375,14.070308685302734,0.03515625
Step #70,2026-03-07T12:48:08,energy-efficiency,120a5552-160a-4dc7-b779-3ffef7ca3732,0.792252141982317,4.806509105683095e-07,6.06559068201978e-07,360.0,184.46786272472337,10.0,7.925912588834742e-05,4.061392137089115e-05,2.2015198858247806e-06,0.00012207456714506335,0.0,Canada,CAN,quebec,,,Linux-5.15.0-152-generic-x86_64-with-glibc2.35,3.14.2,3.1.0,4,AMD EPYC 9554 64-Core Processor,1,1 x NVIDIA RTX A5000,4,machine,N,100,3022.87158203125,13986.0,0.5,5846.03125,14.08950424194336,0.03515625
Step #72,2026-03-07T12:48:09,energy-efficiency,120a5552-160a-4dc7-b779-3ffef7ca3732,0.7941610552370548,5.101939028627673e-07,6.422971383221363e-07,360.0,215.97657741558712,10.0,7.960689999163143e-05,4.775976043447372e-05,2.211165148764845e-06,0.00012957782557487026,0.0,Canada,CAN,quebec,,,Linux-5.15.0-152-generic-x86_64-with-glibc2.35,3.14.2,3.1.0,4,AMD EPYC 9554 64-Core Processor,1,1 x NVIDIA RTX A5000,4,machine,N,100,3022.87158203125,13986.0,0.5,5891.09765625,14.126007080078125,0.03515625
Step #74,2026-03-07T12:48:11,energy-efficiency,120a5552-160a-4dc7-b779-3ffef7ca3732,0.7971010953187943,5.073825277639613e-07,6.366558597883392e-07,360.0,211.99187195929352,10.0,7.971026115119462e-05,4.69394819901936e-05,2.2140561189088528e-06,0.00012886379926029673,0.0,Canada,CAN,quebec,,,Linux-5.15.0-152-generic-x86_64-with-glibc2.35,3.14.2,3.1.0,4,AMD EPYC 9554 64-Core Processor,1,1 x NVIDIA RTX A5000,4,machine,N,100,3022.87158203125,13986.0,0.5,5917.50390625,14.145820617675781,0.03515625
Step #76,2026-03-07T12:48:12,energy-efficiency,120a5552-160a-4dc7-b779-3ffef7ca3732,0.7940115369856358,5.112643488631142e-07,6.435831332034249e-07,360.0,215.95323788877212,10.0,7.977708764374258e-05,4.7856704952664586e-05,2.2159022899965482e-06,0.00012984969488640408,0.0,Canada,CAN,quebec,,,Linux-5.15.0-152-generic-x86_64-with-glibc2.35,3.14.2,3.1.0,4,AMD EPYC 9554 64-Core Processor,1,1 x NVIDIA RTX A5000,4,machine,N,100,3022.87158203125,13986.0,0.5,5962.7734375,14.181949615478516,0.03515625
Step #78,2026-03-07T12:48:14,energy-efficiency,120a5552-160a-4dc7-b779-3ffef7ca3732,0.7974410280585289,5.009842244986528e-07,6.280727362999863e-07,360.0,204.1212632005017,10.0,7.97840323299168e-05,4.523864731709182e-05,2.2160938733981707e-06,0.00012723877352040659,0.0,Canada,CAN,quebec,,,Linux-5.15.0-152-generic-x86_64-with-glibc2.35,3.14.2,3.1.0,4,AMD EPYC 9554 64-Core Processor,1,1 x NVIDIA RTX A5000,4,machine,N,100,3022.87158203125,13986.0,0.5,5989.41796875,14.201148986816406,0.03515625
Step #80,2026-03-07T12:48:16,energy-efficiency,120a5552-160a-4dc7-b779-3ffef7ca3732,0.7997320927679539,5.031108491349435e-07,6.291986563170081e-07,360.0,204.1579842854597,10.0,8.011764660477644e-05,4.543586967997726e-05,2.225372267680034e-06,0.0001277788885524333,0.0,Canada,CAN,quebec,,,Linux-5.15.0-152-generic-x86_64-with-glibc2.35,3.14.2,3.1.0,4,AMD EPYC 9554 64-Core Processor,1,1 x NVIDIA RTX A5000,4,machine,N,100,3022.87158203125,13986.0,0.4,6034.453125,14.237411499023438,0.03515625
Step #82,2026-03-07T12:48:17,energy-efficiency,120a5552-160a-4dc7-b779-3ffef7ca3732,0.7998294867575169,4.990130290451142e-07,6.238410513570394e-07,360.0,198.82070211339538,10.0,8.021069690585143e-05,4.429947986750449e-05,2.227957246618144e-06,0.0001267381340199743,0.0,Canada,CAN,quebec,,,Linux-5.15.0-152-generic-x86_64-with-glibc2.35,3.14.2,3.1.0,4,AMD EPYC 9554 64-Core Processor,1,1 x NVIDIA RTX A5000,4,machine,N,100,3022.87158203125,13986.0,0.5,6063.3515625,14.256946563720703,0.03515625
Step #84,2026-03-07T12:48:19,energy-efficiency,120a5552-160a-4dc7-b779-3ffef7ca3732,0.8001295141875744,4.903685704657433e-07,6.128819547967938e-07,360.0,191.38389688006677,10.0,7.986535839736445e-05,4.245892286292019e-05,2.2183538724978718e-06,0.00012454263513278323,0.0,Canada,CAN,quebec,,,Linux-5.15.0-152-generic-x86_64-with-glibc2.35,3.14.2,3.1.0,4,AMD EPYC 9554 64-Core Processor,1,1 x NVIDIA RTX A5000,4,machine,N,100,3022.87158203125,13986.0,0.4,6108.87890625,14.293312072753906,0.03515625
Step #86,2026-03-07T12:48:20,energy-efficiency,120a5552-160a-4dc7-b779-3ffef7ca3732,0.7998274601995945,4.932487098062019e-07,6.165859350497819e-07,360.0,192.83318514360795,10.0,8.012760989367955e-05,4.2920867684870245e-05,2.225648446215519e-06,0.00012527412602476602,0.0,Canada,CAN,quebec,,,Linux-5.15.0-152-generic-x86_64-with-glibc2.35,3.14.2,3.1.0,4,AMD EPYC 9554 64-Core Processor,1,1 x NVIDIA RTX A5000,4,machine,N,100,3022.87158203125,13986.0,0.5,6135.60546875,14.312507629394531,0.03515625
Step #88,2026-03-07T12:48:22,energy-efficiency,120a5552-160a-4dc7-b779-3ffef7ca3732,0.7997067980468273,4.880840523240094e-07,6.102706163884024e-07,360.0,185.65258397926166,10.0,8.031325712800014e-05,4.141836647875152e-05,2.2307950796352513e-06,0.00012396241868638767,0.0,Canada,CAN,quebec,,,Linux-5.15.0-152-generic-x86_64-with-glibc2.35,3.14.2,3.1.0,4,AMD EPYC 9554 64-Core Processor,1,1 x NVIDIA RTX A5000,4,machine,N,100,3022.87158203125,13986.0,0.5,6180.8984375,14.349010467529297,0.03515625
Step #90,2026-03-07T12:48:23,energy-efficiency,120a5552-160a-4dc7-b779-3ffef7ca3732,0.7996023073792458,4.892740242675255e-07,6.117928460847089e-07,360.0,187.10097505356748,10.0,8.029973469674597e-05,4.173447783273332e-05,2.230432381232581e-06,0.00012426464491071144,0.0,Canada,CAN,quebec,,,Linux-5.15.0-152-generic-x86_64-with-glibc2.35,3.14.2,3.1.0,4,AMD EPYC 9554 64-Core Processor,1,1 x NVIDIA RTX A5000,4,machine,N,100,3022.87158203125,13986.0,0.5,6208.1875,14.368450164794922,0.03515625
Step #92,2026-03-07T12:48:25,energy-efficiency,120a5552-160a-4dc7-b779-3ffef7ca3732,0.7993094511330128,4.845658238785966e-07,6.061761315115702e-07,360.0,184.2445100498009,10.0,7.993684634566289e-05,4.0911699400680845e-05,2.2203217053578985e-06,0.00012306886745170123,0.0,Canada,CAN,quebec,,,Linux-5.15.0-152-generic-x86_64-with-glibc2.35,3.14.2,3.1.0,4,AMD EPYC 9554 64-Core Processor,1,1 x NVIDIA RTX A5000,4,machine,N,100,3022.87158203125,13986.0,0.5,6253.546875,14.404953002929688,0.03515625
Step #94,2026-03-07T12:48:26,energy-efficiency,120a5552-160a-4dc7-b779-3ffef7ca3732,0.8020743355154991,4.904134755650424e-07,6.113184644312264e-07,360.0,186.5685765518004,10.0,8.056374713778488e-05,4.175253340577001e-05,2.237759478804132e-06,0.00012455404002235937,0.0,Canada,CAN,quebec,,,Linux-5.15.0-152-generic-x86_64-with-glibc2.35,3.14.2,3.1.0,4,AMD EPYC 9554 64-Core Processor,1,1 x NVIDIA RTX A5000,4,machine,N,100,3022.87158203125,13986.0,0.5,6280.375,14.423912048339844,0.03515625
Step #96,2026-03-07T12:48:28,energy-efficiency,120a5552-160a-4dc7-b779-3ffef7ca3732,0.8007733225822449,5.146334350314533e-07,6.426784921820228e-07,360.0,214.6321987314345,10.0,8.04842315614224e-05,4.798559393748292e-05,2.2355418238374867e-06,0.0001307053673227426,0.0,Canada,CAN,quebec,,,Linux-5.15.0-152-generic-x86_64-with-glibc2.35,3.14.2,3.1.0,4,AMD EPYC 9554 64-Core Processor,1,1 x NVIDIA RTX A5000,4,machine,N,100,3022.87158203125,13986.0,0.5,6325.828125,14.46078872680664,0.03515625
Step #98,2026-03-07T12:48:30,energy-efficiency,120a5552-160a-4dc7-b779-3ffef7ca3732,0.8032741658389568,5.115070280030304e-07,6.365475647458104e-07,360.0,211.85924858733625,10.0,8.037653714418422e-05,4.730226005733584e-05,2.2325327516430006e-06,0.0001299113299531628,0.0,Canada,CAN,quebec,,,Linux-5.15.0-152-generic-x86_64-with-glibc2.35,3.14.2,3.1.0,4,AMD EPYC 9554 64-Core Processor,1,1 x NVIDIA RTX A5000,4,machine,N,100,3022.87158203125,13986.0,0.5,6352.9609375,14.479854583740234,0.03515625
Step #100,2026-03-07T12:48:31,energy-efficiency,120a5552-160a-4dc7-b779-3ffef7ca3732,0.8015049509704113,5.113827518340442e-07,6.380888676865764e-07,360.0,213.3444217965112,10.0,8.015233092010035e-05,4.750114911189485e-05,2.2262865573995696e-06,0.00012987976658939467,0.0,Canada,CAN,quebec,,,Linux-5.15.0-152-generic-x86_64-with-glibc2.35,3.14.2,3.1.0,4,AMD EPYC 9554 64-Core Processor,1,1 x NVIDIA RTX A5000,4,machine,N,100,3022.87158203125,13986.0,0.4,6398.40625,14.516357421875,0.03515625
Step #102,2026-03-07T12:48:33,energy-efficiency,120a5552-160a-4dc7-b779-3ffef7ca3732,0.8028753474354744,5.062285221512193e-07,6.303820508852898e-07,360.0,206.17119640994315,10.0,8.033239953219879e-05,4.60069812504571e-05,2.231326895869436e-06,0.00012857070767852575,0.0,Canada,CAN,quebec,,,Linux-5.15.0-152-generic-x86_64-with-glibc2.35,3.14.2,3.1.0,4,AMD EPYC 9554 64-Core Processor,1,1 x NVIDIA RTX A5000,4,machine,N,100,3022.87158203125,13986.0,0.5,6425.4765625,14.53555679321289,0.03515625
Step #104,2026-03-07T12:48:34,energy-efficiency,120a5552-160a-4dc7-b779-3ffef7ca3732,0.8016308322548866,5.017096496928987e-07,6.258219162683104e-07,360.0,202.10129825820806,10.0,8.018167167902004e-05,4.50142026835465e-05,2.2271409113373987e-06,0.0001274230152739043,0.0,Canada,CAN,quebec,,,Linux-5.15.0-152-generic-x86_64-with-glibc2.35,3.14.2,3.1.0,4,AMD EPYC 9554 64-Core Processor,1,1 x NVIDIA RTX A5000,4,machine,N,100,3022.87158203125,13986.0,0.4,6470.4609375,14.572059631347656,0.03515625
Step #106,2026-03-07T12:48:36,energy-efficiency,120a5552-160a-4dc7-b779-3ffef7ca3732,0.8003431558609009,5.021661000782204e-07,6.272910270737033e-07,360.0,202.71394606225695,10.0,8.01687821745875e-05,4.5143369433731095e-05,2.2267918412884096e-06,0.0001275389434496066,0.0,Canada,CAN,quebec,,,Linux-5.15.0-152-generic-x86_64-with-glibc2.35,3.14.2,3.1.0,4,AMD EPYC 9554 64-Core Processor,1,1 x NVIDIA RTX A5000,4,machine,N,100,3022.87158203125,13986.0,0.5,6495.4140625,14.59366226196289,0.03515625
Step #108,2026-03-07T12:48:37,energy-efficiency,120a5552-160a-4dc7-b779-3ffef7ca3732,0.8007983937859535,4.97602457239812e-07,6.213616906187623e-07,360.0,196.56669625912855,10.0,8.03021240979437e-05,4.3847257302331855e-05,2.2304989707966713e-06,0.0001263798803710723,0.0,Canada,CAN,quebec,,,Linux-5.15.0-152-generic-x86_64-with-glibc2.35,3.14.2,3.1.0,4,AMD EPYC 9554 64-Core Processor,1,1 x NVIDIA RTX A5000,4,machine,N,100,3022.87158203125,13986.0,0.4,6540.69921875,14.630043029785156,0.03515625
Step #110,2026-03-07T12:48:39,energy-efficiency,120a5552-160a-4dc7-b779-3ffef7ca3732,0.8039491251111031,4.901812826834993e-07,6.095546661957416e-07,360.0,186.77254186977908,10.0,8.049609065055845e-05,4.1763088972857076e-05,2.2358886069721656e-06,0.000124495068230388,0.0,Canada,CAN,quebec,,,Linux-5.15.0-152-generic-x86_64-with-glibc2.35,3.14.2,3.1.0,4,AMD EPYC 9554 64-Core Processor,1,1 x NVIDIA RTX A5000,4,machine,N,100,3022.87158203125,13986.0,0.5,6566.09765625,14.649826049804688,0.03515625
Step #112,2026-03-07T12:48:41,energy-efficiency,120a5552-160a-4dc7-b779-3ffef7ca3732,0.8057037740945816,4.949739228453308e-07,6.142549121851848e-07,360.0,192.1539650795127,10.0,8.050501570105572e-05,4.297114550411152e-05,2.236130295528297e-06,0.00012571229150069516,0.0,Canada,CAN,quebec,,,Linux-5.15.0-152-generic-x86_64-with-glibc2.35,3.14.2,3.1.0,4,AMD EPYC 9554 64-Core Processor,1,1 x NVIDIA RTX A5000,4,machine,N,100,3022.87158203125,13986.0,0.5,6611.67578125,14.68658447265625,0.03515625
Step #114,2026-03-07T12:48:42,energy-efficiency,120a5552-160a-4dc7-b779-3ffef7ca3732,0.8044970892369747,4.867204808473105e-07,6.049549228564352e-07,360.0,184.40947504763986,10.0,8.026845082640625e-05,4.111808844697862e-05,2.229562794996636e-06,0.00012361610206838153,0.0,Canada,CAN,quebec,,,Linux-5.15.0-152-generic-x86_64-with-glibc2.35,3.14.2,3.1.0,4,AMD EPYC 9554 64-Core Processor,1,1 x NVIDIA RTX A5000,4,machine,N,100,3022.87158203125,13986.0,0.5,6641.41796875,14.705833435058594,0.03515625
Step #116,2026-03-07T12:48:44,energy-efficiency,120a5552-160a-4dc7-b779-3ffef7ca3732,0.8004099167883396,4.85772125204495e-07,6.06818419416766e-07,360.0,184.79945388866503,10.0,8.005574606359013e-05,4.109586622291772e-05,2.223628686947942e-06,0.00012337524097345582,0.0,Canada,CAN,quebec,,,Linux-5.15.0-152-generic-x86_64-with-glibc2.35,3.14.2,3.1.0,4,AMD EPYC 9554 64-Core Processor,1,1 x NVIDIA RTX A5000,4,machine,N,100,3022.87158203125,13986.0,0.5,6686.703125,14.742755889892578,0.03515625
Step #118,2026-03-07T12:48:45,energy-efficiency,120a5552-160a-4dc7-b779-3ffef7ca3732,0.802748553454876,4.862984716088633e-07,6.057496206560191e-07,360.0,183.7529445821908,10.0,8.0293916910887e-05,4.09847549889264e-05,2.2302492728663837e-06,0.0001235089211726794,0.0,Canada,CAN,quebec,,,Linux-5.15.0-152-generic-x86_64-with-glibc2.35,3.14.2,3.1.0,4,AMD EPYC 9554 64-Core Processor,1,1 x NVIDIA RTX A5000,4,machine,N,100,3022.87158203125,13986.0,0.5,6713.07421875,14.761707305908203,0.03515625
Step #120,2026-03-07T12:48:47,energy-efficiency,120a5552-160a-4dc7-b779-3ffef7ca3732,0.8045471720397472,4.988532538215281e-07,6.200363258242777e-07,360.0,196.8243403028098,10.0,8.046743944287258e-05,4.3995035184707376e-05,2.2350800637569563e-06,0.00012669755469133653,0.0,Canada,CAN,quebec,,,Linux-5.15.0-152-generic-x86_64-with-glibc2.35,3.14.2,3.1.0,4,AMD EPYC 9554 64-Core Processor,1,1 x NVIDIA RTX A5000,4,machine,N,100,3022.87158203125,13986.0,0.5,6758.5390625,14.798931121826172,0.03515625
Step #122,2026-03-07T12:48:48,energy-efficiency,120a5552-160a-4dc7-b779-3ffef7ca3732,0.8026174940168858,5.109516071551495e-07,6.36532992254338e-07,360.0,209.67983111692425,10.0,8.059116192162073e-05,4.694059310850207e-05,2.238510466284234e-06,0.00012977026549640738,0.0,Canada,CAN,quebec,,,Linux-5.15.0-152-generic-x86_64-with-glibc2.35,3.14.2,3.1.0,4,AMD EPYC 9554 64-Core Processor,1,1 x NVIDIA RTX A5000,4,machine,N,100,3022.87158203125,13986.0,0.5,6785.82421875,14.817890167236328,0.03515625
Step #124,2026-03-07T12:48:50,energy-efficiency,120a5552-160a-4dc7-b779-3ffef7ca3732,0.8020750805735588,5.121571518278951e-07,6.385217511347543e-07,360.0,213.69530314184252,10.0,8.022554107010339e-05,4.762253810497441e-05,2.228367670128751e-06,0.00013007644684520647,0.0,Canada,CAN,quebec,,,Linux-5.15.0-152-generic-x86_64-with-glibc2.35,3.14.2,3.1.0,4,AMD EPYC 9554 64-Core Processor,1,1 x NVIDIA RTX A5000,4,machine,N,100,3022.87158203125,13986.0,0.5,6831.47265625,14.85390853881836,0.03515625
Step #126,2026-03-07T12:48:52,energy-efficiency,120a5552-160a-4dc7-b779-3ffef7ca3732,0.806088037788868,5.096417794810378e-07,6.322365261159146e-07,360.0,210.781387003949,10.0,8.023207299411288e-05,4.6976982019941715e-05,2.2285435866150716e-06,0.0001294375986006695,0.0,Canada,CAN,quebec,,,Linux-5.15.0-152-generic-x86_64-with-glibc2.35,3.14.2,3.1.0,4,AMD EPYC 9554 64-Core Processor,1,1 x NVIDIA RTX A5000,4,machine,N,100,3022.87158203125,13986.0,0.5,6858.52734375,14.872138977050781,0.03515625
Step #128,2026-03-07T12:48:53,energy-efficiency,120a5552-160a-4dc7-b779-3ffef7ca3732,0.8064644038677216,5.064143812537011e-07,6.279252862320724e-07,360.0,204.0160699704987,10.0,8.066348060965529e-05,4.571392545926756e-05,2.2405056593318763e-06,0.0001286179117282564,0.0,Canada,CAN,quebec,,,Linux-5.15.0-152-generic-x86_64-with-glibc2.35,3.14.2,3.1.0,4,AMD EPYC 9554 64-Core Processor,1,1 x NVIDIA RTX A5000,4,machine,N,100,3022.87158203125,13986.0,0.5,6903.734375,14.909351348876953,0.03515625
Step #130,2026-03-07T12:48:55,energy-efficiency,120a5552-160a-4dc7-b779-3ffef7ca3732,0.8041402734816074,5.037579935086294e-07,6.264691537536964e-07,360.0,202.69250196109346,10.0,8.042594976723216e-05,4.5283369559001585e-05,2.2339294043680047e-06,0.00012794324873060224,0.0,Canada,CAN,quebec,,,Linux-5.15.0-152-generic-x86_64-with-glibc2.35,3.14.2,3.1.0,4,AMD EPYC 9554 64-Core Processor,1,1 x NVIDIA RTX A5000,4,machine,N,100,3022.87158203125,13986.0,0.5,6929.59375,14.92831039428711,0.03515625
Step #132,2026-03-07T12:48:56,energy-efficiency,120a5552-160a-4dc7-b779-3ffef7ca3732,0.8028912097215652,5.014242012066938e-07,6.244748988636462e-07,360.0,200.0119692809634,10.0,8.042951077222825e-05,4.4686980189112546e-05,2.2340267896652324e-06,0.0001273505177510053,0.0,Canada,CAN,quebec,,,Linux-5.15.0-152-generic-x86_64-with-glibc2.35,3.14.2,3.1.0,4,AMD EPYC 9554 64-Core Processor,1,1 x NVIDIA RTX A5000,4,machine,N,100,3022.87158203125,13986.0,0.5,6975.36328125,14.96505355834961,0.03515625
Step #134,2026-03-07T12:48:58,energy-efficiency,120a5552-160a-4dc7-b779-3ffef7ca3732,0.8065548166632652,4.964367916169578e-07,6.159091002626517e-07,360.0,193.065646785732,10.0,8.06121971458195e-05,4.323253459403986e-05,2.239095667998009e-06,0.00012608382740785656,0.0,Canada,CAN,quebec,,,Linux-5.15.0-152-generic-x86_64-with-glibc2.35,3.14.2,3.1.0,4,AMD EPYC 9554 64-Core Processor,1,1 x NVIDIA RTX A5000,4,machine,N,100,3022.87158203125,13986.0,0.5,7003.62890625,14.984012603759766,0.03515625
Step #136,2026-03-07T12:48:59,energy-efficiency,120a5552-160a-4dc7-b779-3ffef7ca3732,0.8048756867647171,4.989389225288517e-07,6.19742226151068e-07,360.0,196.137139504061,10.0,8.057892285287353e-05,4.390225736017328e-05,2.2381324114070897e-06,0.0001267193126244532,0.0,Canada,CAN,quebec,,,Linux-5.15.0-152-generic-x86_64-with-glibc2.35,3.14.2,3.1.0,4,AMD EPYC 9554 64-Core Processor,1,1 x NVIDIA RTX A5000,4,machine,N,100,3022.87158203125,13986.0,0.4,7049.2265625,15.020751953125,0.03515625
Step #138,2026-03-07T12:49:01,energy-efficiency,120a5552-160a-4dc7-b779-3ffef7ca3732,0.8037831112742424,4.916919481533561e-07,6.116650800527962e-07,360.0,189.09020075101938,10.0,8.040942735970062e-05,4.223586711304961e-05,2.2334489557478262e-06,0.00012487874342849772,0.0,Canada,CAN,quebec,,,Linux-5.15.0-152-generic-x86_64-with-glibc2.35,3.14.2,3.1.0,4,AMD EPYC 9554 64-Core Processor,1,1 x NVIDIA RTX A5000,4,machine,N,100,3022.87158203125,13986.0,0.5,7075.7265625,15.040241241455078,0.03515625
Step #140,2026-03-07T12:49:02,energy-efficiency,120a5552-160a-4dc7-b779-3ffef7ca3732,0.8031264021992683,4.902591017324641e-07,6.103937745991891e-07,360.0,185.43964725494268,10.0,8.070209622383119e-05,4.1571144379304314e-05,2.2415919229388267e-06,0.00012451483252607504,0.0,Canada,CAN,quebec,,,Linux-5.15.0-152-generic-x86_64-with-glibc2.35,3.14.2,3.1.0,4,AMD EPYC 9554 64-Core Processor,1,1 x NVIDIA RTX A5000,4,machine,N,100,3022.87158203125,13986.0,0.5,7120.97265625,15.076683044433594,0.03515625
Step #142,2026-03-07T12:49:04,energy-efficiency,120a5552-160a-4dc7-b779-3ffef7ca3732,0.8044726476073265,4.899953333971181e-07,6.091807790345126e-07,360.0,186.8902085165727,10.0,8.044851981103395e-05,4.176475563610893e-05,2.234565828823377e-06,0.00012444784127596704,0.0,Canada,CAN,quebec,,,Linux-5.15.0-152-generic-x86_64-with-glibc2.35,3.14.2,3.1.0,4,AMD EPYC 9554 64-Core Processor,1,1 x NVIDIA RTX A5000,4,machine,N,100,3022.87158203125,13986.0,0.5,7147.96875,15.09564208984375,0.03515625
Step #144,2026-03-07T12:49:06,energy-efficiency,120a5552-160a-4dc7-b779-3ffef7ca3732,0.8056635484099388,5.154954398996613e-07,6.397615806363108e-07,360.0,216.70097915790828,10.0,8.033479377627349e-05,4.8358094232980875e-05,2.23140924548109e-06,0.00013092429725473573,0.0,Canada,CAN,quebec,,,Linux-5.15.0-152-generic-x86_64-with-glibc2.35,3.14.2,3.1.0,4,AMD EPYC 9554 64-Core Processor,1,1 x NVIDIA RTX A5000,4,machine,N,100,3022.87158203125,13986.0,0.4,7193.31640625,15.13238525390625,0.03515625
Step #146,2026-03-07T12:49:07,energy-efficiency,120a5552-160a-4dc7-b779-3ffef7ca3732,0.8048669770359993,5.107431422990069e-07,6.344916425120181e-07,360.0,210.2462752648812,10.0,8.047963045537503e-05,4.700225981935091e-05,2.235429816775848e-06,0.0001297173200915016,0.0,Canada,CAN,quebec,,,Linux-5.15.0-152-generic-x86_64-with-glibc2.35,3.14.2,3.1.0,4,AMD EPYC 9554 64-Core Processor,1,1 x NVIDIA RTX A5000,4,machine,N,100,3022.87158203125,13986.0,0.5,7220.203125,15.15158462524414,0.03515625
Step #148,2026-03-07T12:49:09,energy-efficiency,120a5552-160a-4dc7-b779-3ffef7ca3732,0.8070557527244091,5.288977217424623e-07,6.552341558284884e-07,360.0,231.78440179816434,10.0,8.035748489201074e-05,5.173865250185372e-05,2.232039305898883e-06,0.000134328176699762,0.0,Canada,CAN,quebec,,,Linux-5.15.0-152-generic-x86_64-with-glibc2.35,3.14.2,3.1.0,4,AMD EPYC 9554 64-Core Processor,1,1 x NVIDIA RTX A5000,4,machine,N,100,3022.87158203125,13986.0,0.4,7265.91796875,15.188541412353516,0.03515625
Step #150,2026-03-07T12:49:10,energy-efficiency,120a5552-160a-4dc7-b779-3ffef7ca3732,0.8045263588428497,5.063303893177159e-07,6.293134906178803e-07,360.0,205.35977203851849,10.0,8.04618999361989e-05,4.5899758944756286e-05,2.234920776552626e-06,0.00012859657965750768,0.0,Canada,CAN,quebec,,,Linux-5.15.0-152-generic-x86_64-with-glibc2.35,3.14.2,3.1.0,4,AMD EPYC 9554 64-Core Processor,1,1 x NVIDIA RTX A5000,4,machine,N,100,3022.87158203125,13986.0,0.5,7293.1796875,15.207260131835938,0.03515625
Step #152,2026-03-07T12:49:12,energy-efficiency,120a5552-160a-4dc7-b779-3ffef7ca3732,0.8093116693198681,5.032040877619745e-07,6.218763079073754e-07,360.0,200.79004901765552,10.0,8.06052815169097e-05,4.495836928697372e-05,2.2389182717435846e-06,0.00012780256907562668,0.0,Canada,CAN,quebec,,,Linux-5.15.0-152-generic-x86_64-with-glibc2.35,3.14.2,3.1.0,4,AMD EPYC 9554 64-Core Processor,1,1 x NVIDIA RTX A5000,4,machine,N,100,3022.87158203125,13986.0,0.5,7338.2890625,15.244003295898438,0.03515625
Step #154,2026-03-07T12:49:13,energy-efficiency,120a5552-160a-4dc7-b779-3ffef7ca3732,0.8031185492873192,4.990107380863199e-07,6.212737746277498e-07,360.0,198.36051421721083,10.0,8.027527704834898e-05,4.4232535373112114e-05,2.229739746285815e-06,0.00012673755216774732,0.0,Canada,CAN,quebec,,,Linux-5.15.0-152-generic-x86_64-with-glibc2.35,3.14.2,3.1.0,4,AMD EPYC 9554 64-Core Processor,1,1 x NVIDIA RTX A5000,4,machine,N,100,3022.87158203125,13986.0,0.5,7365.05078125,15.262962341308594,0.03515625
Step #156,2026-03-07T12:49:15,energy-efficiency,120a5552-160a-4dc7-b779-3ffef7ca3732,0.8028994984924793,4.969673966535913e-07,6.188789888812386e-07,360.0,195.77650192226807,10.0,8.031169027090078e-05,4.367614606337611e-05,2.230752870026559e-06,0.00012621858920430426,0.0,Canada,CAN,quebec,,,Linux-5.15.0-152-generic-x86_64-with-glibc2.35,3.14.2,3.1.0,4,AMD EPYC 9554 64-Core Processor,1,1 x NVIDIA RTX A5000,4,machine,N,100,3022.87158203125,13986.0,0.5,7410.484375,15.30031967163086,0.03515625
Step #158,2026-03-07T12:49:17,energy-efficiency,120a5552-160a-4dc7-b779-3ffef7ca3732,0.8042338788509369,4.960379900661541e-07,6.166364921313661e-07,360.0,191.7680965038499,10.0,8.073340095579584e-05,4.300670107681981e-05,2.2424387124677584e-06,0.00012598254074508257,0.0,Canada,CAN,quebec,,,Linux-5.15.0-152-generic-x86_64-with-glibc2.35,3.14.2,3.1.0,4,AMD EPYC 9554 64-Core Processor,1,1 x NVIDIA RTX A5000,4,machine,N,100,3022.87158203125,13986.0,0.4,7437.7109375,15.319145202636719,0.03515625
Step #160,2026-03-07T12:49:18,energy-efficiency,120a5552-160a-4dc7-b779-3ffef7ca3732,0.8045003488659859,4.925782744354248e-07,6.122161216508843e-07,360.0,189.8530225155106,10.0,8.044465370476289e-05,4.2424756173886635e-05,2.2344405762851367e-06,0.00012510385045493531,0.0,Canada,CAN,quebec,,,Linux-5.15.0-152-generic-x86_64-with-glibc2.35,3.14.2,3.1.0,4,AMD EPYC 9554 64-Core Processor,1,1 x NVIDIA RTX A5000,4,machine,N,100,3022.87158203125,13986.0,0.5,7482.86328125,15.355648040771484,0.03515625
Step #162,2026-03-07T12:49:20,energy-efficiency,120a5552-160a-4dc7-b779-3ffef7ca3732,0.8027771599590778,4.910101945912167e-07,6.115697181245334e-07,360.0,187.11012610971312,10.0,8.05833708494904e-05,4.188392239257155e-05,2.238300049470541e-06,0.00012470559329153322,0.0,Canada,CAN,quebec,,,Linux-5.15.0-152-generic-x86_64-with-glibc2.35,3.14.2,3.1.0,4,AMD EPYC 9554 64-Core Processor,1,1 x NVIDIA RTX A5000,4,machine,N,100,3022.87158203125,13986.0,0.4,7508.375,15.37484359741211,0.03515625
Step #164,2026-03-07T12:49:21,energy-efficiency,120a5552-160a-4dc7-b779-3ffef7ca3732,0.8054955266416073,4.840877725128745e-07,6.01053414700605e-07,360.0,179.4665784256377,10.0,8.055247627198735e-05,4.01575321262726e-05,2.2374447124699868e-06,0.00012294745311072948,0.0,Canada,CAN,quebec,,,Linux-5.15.0-152-generic-x86_64-with-glibc2.35,3.14.2,3.1.0,4,AMD EPYC 9554 64-Core Processor,1,1 x NVIDIA RTX A5000,4,machine,N,100,3022.87158203125,13986.0,0.4,7553.703125,15.411346435546875,0.03515625
Step #166,2026-03-07T12:49:23,energy-efficiency,120a5552-160a-4dc7-b779-3ffef7ca3732,0.8070584125816822,4.841336007170685e-07,5.998182704632492e-07,360.0,178.5893777936071,10.0,8.068893998861276e-05,4.002892090682053e-05,2.2412315528425953e-06,0.00012295909244827707,0.0,Canada,CAN,quebec,,,Linux-5.15.0-152-generic-x86_64-with-glibc2.35,3.14.2,3.1.0,4,AMD EPYC 9554 64-Core Processor,1,1 x NVIDIA RTX A5000,4,machine,N,100,3022.87158203125,13986.0,0.5,7578.33984375,15.430545806884766,0.03515625
Step #168,2026-03-07T12:49:24,energy-efficiency,120a5552-160a-4dc7-b779-3ffef7ca3732,0.8058344684541225,5.145291671247192e-07,6.386449978694823e-07,360.0,213.8735927016683,10.0,8.057252131402504e-05,4.786837162384927e-05,2.2379926716288015e-06,0.0001306788856095028,0.0,Canada,CAN,quebec,,,Linux-5.15.0-152-generic-x86_64-with-glibc2.35,3.14.2,3.1.0,4,AMD EPYC 9554 64-Core Processor,1,1 x NVIDIA RTX A5000,4,machine,N,100,3022.87158203125,13986.0,0.5,7623.33984375,15.467288970947266,0.03515625
Step #170,2026-03-07T12:49:26,energy-efficiency,120a5552-160a-4dc7-b779-3ffef7ca3732,0.8069641515612602,5.12591205098743e-07,6.353134526679372e-07,360.0,212.36576460966756,10.0,8.047686740756017e-05,4.7474482428810916e-05,2.235336819042771e-06,0.00013018668665541397,0.0,Canada,CAN,quebec,,,Linux-5.15.0-152-generic-x86_64-with-glibc2.35,3.14.2,3.1.0,4,AMD EPYC 9554 64-Core Processor,1,1 x NVIDIA RTX A5000,4,machine,N,100,3022.87158203125,13986.0,0.4,7653.6875,15.486488342285156,0.03515625
Step #172,2026-03-07T12:49:28,energy-efficiency,120a5552-160a-4dc7-b779-3ffef7ca3732,0.8076106309890747,5.109736397988982e-07,6.326307240673457e-07,360.0,207.97555966236618,10.0,8.083226196467855e-05,4.6698370695708036e-05,2.245228634112405e-06,0.00012977586129449964,0.0,Canada,CAN,quebec,,,Linux-5.15.0-152-generic-x86_64-with-glibc2.35,3.14.2,3.1.0,4,AMD EPYC 9554 64-Core Processor,1,1 x NVIDIA RTX A5000,4,machine,N,100,3022.87158203125,13986.0,0.4,7698.31640625,15.522991180419922,0.03515625
Step #174,2026-03-07T12:49:29,energy-efficiency,120a5552-160a-4dc7-b779-3ffef7ca3732,0.8051329143345356,5.034228724887872e-07,6.251521960530944e-07,360.0,199.0841762278393,10.0,8.088205158710438e-05,4.4729480208616224e-05,2.246603700849746e-06,0.00012785813549657035,0.0,Canada,CAN,quebec,,,Linux-5.15.0-152-generic-x86_64-with-glibc2.35,3.14.2,3.1.0,4,AMD EPYC 9554 64-Core Processor,1,1 x NVIDIA RTX A5000,4,machine,N,100,3022.87158203125,13986.0,0.5,7725.3828125,15.542072296142578,0.03515625
Step #176,2026-03-07T12:49:31,energy-efficiency,120a5552-160a-4dc7-b779-3ffef7ca3732,0.8102555237710476,5.013504869402796e-07,6.186087199943822e-07,360.0,197.82836009695342,10.0,8.072723262012027e-05,4.4362257710872655e-05,2.2423056471679043e-06,0.00012733179597816148,0.0,Canada,CAN,quebec,,,Linux-5.15.0-152-generic-x86_64-with-glibc2.35,3.14.2,3.1.0,4,AMD EPYC 9554 64-Core Processor,1,1 x NVIDIA RTX A5000,4,machine,N,100,3022.87158203125,13986.0,0.5,7770.890625,15.578575134277344,0.03515625
Step #178,2026-03-07T12:49:32,energy-efficiency,120a5552-160a-4dc7-b779-3ffef7ca3732,0.8282333835959435,5.03630939927398e-07,6.1620575963762e-07,360.0,195.54576851210956,10.0,8.141954727470917e-05,4.4230868724071115e-05,2.260563967542529e-06,0.00012791097996632354,0.0,Canada,CAN,quebec,,,Linux-5.15.0-152-generic-x86_64-with-glibc2.35,3.14.2,3.1.0,4,AMD EPYC 9554 64-Core Processor,1,1 x NVIDIA RTX A5000,4,machine,N,100,3022.87158203125,13986.0,0.6,7794.58984375,15.608978271484375,1.765625
Step #180,2026-03-07T12:49:34,energy-efficiency,120a5552-160a-4dc7-b779-3ffef7ca3732,0.8047242425382137,4.963242844586914e-07,6.164353319670128e-07,360.0,191.84351116599672,10.0,8.076925091445464e-05,4.304253444331607e-05,2.2434677514764935e-06,0.00012605525310924702,0.0,Canada,CAN,quebec,,,Linux-5.15.0-152-generic-x86_64-with-glibc2.35,3.14.2,3.1.0,4,AMD EPYC 9554 64-Core Processor,1,1 x NVIDIA RTX A5000,4,machine,N,100,3022.87158203125,13986.0,0.5,7808.68359375,15.60770034790039,2.99609375
Step #182,2026-03-07T12:49:35,energy-efficiency,120a5552-160a-4dc7-b779-3ffef7ca3732,0.8120562843978405,4.909333160005717e-07,6.042330692774005e-07,360.0,184.82932352645534,10.0,8.090195991098878e-05,4.153697769027076e-05,2.2471302499373622e-06,0.00012468606785119747,0.0,Canada,CAN,quebec,,,Linux-5.15.0-152-generic-x86_64-with-glibc2.35,3.14.2,3.1.0,4,AMD EPYC 9554 64-Core Processor,1,1 x NVIDIA RTX A5000,4,machine,N,100,3022.87158203125,13986.0,0.5,7817.609375,15.606197357177734,3.0078125
Step #184,2026-03-07T12:49:37,energy-efficiency,120a5552-160a-4dc7-b779-3ffef7ca3732,0.8051724471151829,4.904296888209389e-07,6.09016575037207e-07,360.0,186.7366824054435,10.0,8.054207004606732e-05,4.177892230927682e-05,2.2371654709180133e-06,0.00012455815782626278,0.0,Canada,CAN,quebec,,,Linux-5.15.0-152-generic-x86_64-with-glibc2.35,3.14.2,3.1.0,4,AMD EPYC 9554 64-Core Processor,1,1 x NVIDIA RTX A5000,4,machine,N,100,3022.87158203125,13986.0,0.5,7823.8125,15.607975006103516,3.0078125
Step #186,2026-03-07T12:49:39,energy-efficiency,120a5552-160a-4dc7-b779-3ffef7ca3732,0.8059309870004654,4.816114492729793e-07,5.974763745568714e-07,360.0,176.77166362642407,10.0,8.05353980511429e-05,3.9546142744484314e-05,2.2369816692339084e-06,0.00012231852246486104,0.0,Canada,CAN,quebec,,,Linux-5.15.0-152-generic-x86_64-with-glibc2.35,3.14.2,3.1.0,4,AMD EPYC 9554 64-Core Processor,1,1 x NVIDIA RTX A5000,4,machine,N,100,3022.87158203125,13986.0,0.5,7835.1484375,15.60793685913086,3.05078125
Step #188,2026-03-07T12:49:40,energy-efficiency,120a5552-160a-4dc7-b779-3ffef7ca3732,0.8057349734008312,4.851692465721873e-07,6.020413490281167e-07,360.0,180.35108951467743,10.0,8.06026898324489e-05,4.038058786193233e-05,2.2388456078867194e-06,0.00012322212330226866,0.0,Canada,CAN,quebec,,,Linux-5.15.0-152-generic-x86_64-with-glibc2.35,3.14.2,3.1.0,4,AMD EPYC 9554 64-Core Processor,1,1 x NVIDIA RTX A5000,4,machine,N,100,3022.87158203125,13986.0,0.5,7843.76171875,15.608993530273438,3.0546875
Step #190,2026-03-07T12:49:42,energy-efficiency,120a5552-160a-4dc7-b779-3ffef7ca3732,0.8052700199186802,5.118170038419896e-07,6.355689115984323e-07,360.0,212.27333712442893,10.0,8.03678061813114e-05,4.739003789211438e-05,2.232212800946503e-06,0.00012999005687437323,0.0,Canada,CAN,quebec,,,Linux-5.15.0-152-generic-x86_64-with-glibc2.35,3.14.2,3.1.0,4,AMD EPYC 9554 64-Core Processor,1,1 x NVIDIA RTX A5000,4,machine,N,100,3022.87158203125,13986.0,0.5,7851.296875,15.607158660888672,3.0546875
Step #192,2026-03-07T12:49:43,energy-efficiency,120a5552-160a-4dc7-b779-3ffef7ca3732,0.805422954261303,5.130874257521913e-07,6.369550634289881e-07,360.0,212.257529917838,10.0,8.056974932551392e-05,4.750503799755279e-05,2.237928265498741e-06,0.00013031271558856632,0.0,Canada,CAN,quebec,,,Linux-5.15.0-152-generic-x86_64-with-glibc2.35,3.14.2,3.1.0,4,AMD EPYC 9554 64-Core Processor,1,1 x NVIDIA RTX A5000,4,machine,N,100,3022.87158203125,13986.0,0.5,7858.28515625,15.607833862304688,3.0625
Step #194,2026-03-07T12:49:45,energy-efficiency,120a5552-160a-4dc7-b779-3ffef7ca3732,0.8049445152282715,5.1184357457255e-07,6.357474296811247e-07,360.0,212.06752507441405,10.0,8.040083646774273e-05,4.7363093443664184e-05,2.2328753334780523e-06,0.00012999680524488667,0.0,Canada,CAN,quebec,,,Linux-5.15.0-152-generic-x86_64-with-glibc2.35,3.14.2,3.1.0,4,AMD EPYC 9554 64-Core Processor,1,1 x NVIDIA RTX A5000,4,machine,N,100,3022.87158203125,13986.0,0.5,7865.87109375,15.607929229736328,3.0625
Step #196,2026-03-07T12:49:46,energy-efficiency,120a5552-160a-4dc7-b779-3ffef7ca3732,0.8057966865599155,5.067567684601039e-07,6.287741079068247e-07,360.0,204.83662318124215,10.0,8.060292378067949e-05,4.586309226795038e-05,2.238854362318903e-06,0.0001287048704109485,0.0,Canada,CAN,quebec,,,Linux-5.15.0-152-generic-x86_64-with-glibc2.35,3.14.2,3.1.0,4,AMD EPYC 9554 64-Core Processor,1,1 x NVIDIA RTX A5000,4,machine,N,100,3022.87158203125,13986.0,0.5,7873.26953125,15.608612060546875,3.0703125
Step #198,2026-03-07T12:49:48,energy-efficiency,120a5552-160a-4dc7-b779-3ffef7ca3732,0.8077219426631927,5.044001083600997e-07,6.247347333901009e-07,360.0,201.0812411738978,10.0,8.075571209192195e-05,4.510753606723483e-05,2.2430833636058662e-06,0.00012810633152276346,0.0,Canada,CAN,quebec,,,Linux-5.15.0-152-generic-x86_64-with-glibc2.35,3.14.2,3.1.0,4,AMD EPYC 9554 64-Core Processor,1,1 x NVIDIA RTX A5000,4,machine,N,100,3022.87158203125,13986.0,0.5,7880.640625,15.60882568359375,3.13671875
Step #200,2026-03-07T12:49:50,energy-efficiency,120a5552-160a-4dc7-b779-3ffef7ca3732,0.8060635514557362,5.042354848660028e-07,6.254656973362865e-07,360.0,200.9472713412274,10.0,8.074826709926139e-05,4.507336939241213e-05,2.2428843503197095e-06,0.00012806452084199345,0.0,Canada,CAN,quebec,,,Linux-5.15.0-152-generic-x86_64-with-glibc2.35,3.14.2,3.1.0,4,AMD EPYC 9554 64-Core Processor,1,1 x NVIDIA RTX A5000,4,machine,N,100,3022.87158203125,13986.0,0.5,7888.46875,15.609500885009766,3.18359375
Step #202,2026-03-07T12:49:51,energy-efficiency,120a5552-160a-4dc7-b779-3ffef7ca3732,0.8048011250793934,4.992120014986009e-07,6.201571382464068e-07,360.0,196.36403644184108,10.0,8.059068508446156e-05,4.395947959778823e-05,2.2385038849380347e-06,0.00012678866856718866,0.0,Canada,CAN,quebec,,,Linux-5.15.0-152-generic-x86_64-with-glibc2.35,3.14.2,3.1.0,4,AMD EPYC 9554 64-Core Processor,1,1 x NVIDIA RTX A5000,4,machine,N,100,3022.87158203125,13986.0,0.5,7897.05859375,15.61007308959961,3.2265625
Step #204,2026-03-07T12:49:53,energy-efficiency,120a5552-160a-4dc7-b779-3ffef7ca3732,0.8101186119019985,5.122453706940842e-07,6.322481707984431e-07,360.0,210.75045475842447,10.0,8.064625561237347e-05,4.7212537779728336e-05,2.2400590694612963e-06,0.0001300988524615635,0.0,Canada,CAN,quebec,,,Linux-5.15.0-152-generic-x86_64-with-glibc2.35,3.14.2,3.1.0,4,AMD EPYC 9554 64-Core Processor,1,1 x NVIDIA RTX A5000,4,machine,N,100,3022.87158203125,13986.0,0.5,7904.796875,15.609260559082031,3.24609375
Step #206,2026-03-07T12:49:54,energy-efficiency,120a5552-160a-4dc7-b779-3ffef7ca3732,0.806970089673996,4.931971278835122e-07,6.110527429422697e-07,360.0,188.7452172227104,10.0,8.070540539920415e-05,4.231392274789414e-05,2.241697224477935e-06,0.00012526102537157614,0.0,Canada,CAN,quebec,,,Linux-5.15.0-152-generic-x86_64-with-glibc2.35,3.14.2,3.1.0,4,AMD EPYC 9554 64-Core Processor,1,1 x NVIDIA RTX A5000,4,machine,N,100,3022.87158203125,13986.0,0.5,7911.83984375,15.609233856201172,3.2734375
Step #208,2026-03-07T12:49:56,energy-efficiency,120a5552-160a-4dc7-b779-3ffef7ca3732,0.8076977916061878,4.932824998804325e-07,6.105441488914493e-07,360.0,186.5736003464718,10.0,8.103433810174518e-05,4.1997533614335225e-05,2.2508362308144663e-06,0.00012528270794689468,0.0,Canada,CAN,quebec,,,Linux-5.15.0-152-generic-x86_64-with-glibc2.35,3.14.2,3.1.0,4,AMD EPYC 9554 64-Core Processor,1,1 x NVIDIA RTX A5000,4,machine,N,100,3022.87158203125,13986.0,0.5,7919.3046875,15.608207702636719,3.3125
Step #210,2026-03-07T12:49:57,energy-efficiency,120a5552-160a-4dc7-b779-3ffef7ca3732,0.8055642247200012,4.833384824615099e-07,5.998929628344933e-07,360.0,178.84640417362618,10.0,8.051866181194717e-05,4.000197644415948e-05,2.236511961867401e-06,0.0001227571502179746,0.0,Canada,CAN,quebec,,,Linux-5.15.0-152-generic-x86_64-with-glibc2.35,3.14.2,3.1.0,4,AMD EPYC 9554 64-Core Processor,1,1 x NVIDIA RTX A5000,4,machine,N,100,3022.87158203125,13986.0,0.5,7927.04296875,15.60818099975586,3.34765625
Step #212,2026-03-07T12:49:59,energy-efficiency,120a5552-160a-4dc7-b779-3ffef7ca3732,0.8057233467698097,4.840085589673344e-07,6.001155151262219e-07,360.0,178.61524059011768,10.0,8.066424652934147e-05,4.002253201917938e-05,2.2405560956233043e-06,0.0001229273346441441,0.0,Canada,CAN,quebec,,,Linux-5.15.0-152-generic-x86_64-with-glibc2.35,3.14.2,3.1.0,4,AMD EPYC 9554 64-Core Processor,1,1 x NVIDIA RTX A5000,4,machine,N,100,3022.87158203125,13986.0,0.5,7861.3046875,15.608509063720703,3.39453125
Step #214,2026-03-07T12:50:01,energy-efficiency,120a5552-160a-4dc7-b779-3ffef7ca3732,0.8039219938218594,5.159181492589101e-07,6.41710355843847e-07,360.0,213.43610820625244,10.0,8.085060305893475e-05,4.79353161324525e-05,2.2457367740571588e-06,0.00013103165596544362,0.0,Canada,CAN,quebec,,,Linux-5.15.0-152-generic-x86_64-with-glibc2.35,3.14.2,3.1.0,4,AMD EPYC 9554 64-Core Processor,1,1 x NVIDIA RTX A5000,4,machine,N,100,3022.87158203125,13986.0,0.5,7791.85546875,15.608589172363281,3.453125
Step #216,2026-03-07T12:50:02,energy-efficiency,120a5552-160a-4dc7-b779-3ffef7ca3732,0.8075365982949734,5.138706538465921e-07,6.362972571495876e-07,360.0,212.6319878420477,10.0,8.064085766673092e-05,4.763087144965539e-05,2.2399088678260685e-06,0.00013051163798421216,0.0,Canada,CAN,quebec,,,Linux-5.15.0-152-generic-x86_64-with-glibc2.35,3.14.2,3.1.0,4,AMD EPYC 9554 64-Core Processor,1,1 x NVIDIA RTX A5000,4,machine,N,100,3022.87158203125,13986.0,0.5,7644.7109375,15.606758117675781,3.50390625
Step #218,2026-03-07T12:50:04,energy-efficiency,120a5552-160a-4dc7-b779-3ffef7ca3732,0.8067957386374474,5.119207856162474e-07,6.347407818519193e-07,360.0,210.34887210053262,10.0,8.065090961754257e-05,4.712531548989318e-05,2.2401900134152726e-06,0.00013001641512085105,0.0,Canada,CAN,quebec,,,Linux-5.15.0-152-generic-x86_64-with-glibc2.35,3.14.2,3.1.0,4,AMD EPYC 9554 64-Core Processor,1,1 x NVIDIA RTX A5000,4,machine,N,100,3022.87158203125,13986.0,0.5,7576.92578125,15.606731414794922,3.51953125
Step #220,2026-03-07T12:50:05,energy-efficiency,120a5552-160a-4dc7-b779-3ffef7ca3732,0.8042537271976471,5.135593274364786e-07,6.382514153972231e-07,360.0,212.28005490088339,10.0,8.064069636166092e-05,4.7551982490290357e-05,2.239889196223695e-06,0.00013043256804817424,0.0,Canada,CAN,quebec,,,Linux-5.15.0-152-generic-x86_64-with-glibc2.35,3.14.2,3.1.0,4,AMD EPYC 9554 64-Core Processor,1,1 x NVIDIA RTX A5000,4,machine,N,100,3022.87158203125,13986.0,0.5,7435.515625,15.609588623046875,6.0234375
Step #222,2026-03-07T12:50:07,energy-efficiency,120a5552-160a-4dc7-b779-3ffef7ca3732,0.8060022704303265,5.070677341574556e-07,6.290996332056307e-07,360.0,205.06537743149664,10.0,8.062030524015433e-05,4.592420340543413e-05,2.2393400884336957e-06,0.00012878384873402267,0.0,Canada,CAN,quebec,,,Linux-5.15.0-152-generic-x86_64-with-glibc2.35,3.14.2,3.1.0,4,AMD EPYC 9554 64-Core Processor,1,1 x NVIDIA RTX A5000,4,machine,N,100,3022.87158203125,13986.0,0.5,7353.3984375,15.607627868652344,6.0625
Step #224,2026-03-07T12:50:08,energy-efficiency,120a5552-160a-4dc7-b779-3ffef7ca3732,0.8071441128849983,5.04566557521059e-07,6.250693323511965e-07,360.0,201.25154064029556,10.0,8.075820393860407e-05,4.514725833359989e-05,2.2431436098284277e-06,0.00012814860588203185,0.0,Canada,CAN,quebec,,,Linux-5.15.0-152-generic-x86_64-with-glibc2.35,3.14.2,3.1.0,4,AMD EPYC 9554 64-Core Processor,1,1 x NVIDIA RTX A5000,4,machine,N,100,3022.87158203125,13986.0,0.5,7211.73828125,15.607841491699219,6.06640625
Step #226,2026-03-07T12:50:10,energy-efficiency,120a5552-160a-4dc7-b779-3ffef7ca3732,0.8067281879484653,5.188894176534227e-07,6.431858443201551e-07,360.0,219.09280783980464,10.0,8.053539916872895e-05,4.9013928091312664e-05,2.236964336285979e-06,0.000131786291596327,0.0,Canada,CAN,quebec,,,Linux-5.15.0-152-generic-x86_64-with-glibc2.35,3.14.2,3.1.0,4,AMD EPYC 9554 64-Core Processor,1,1 x NVIDIA RTX A5000,4,machine,N,100,3022.87158203125,13986.0,0.5,7146.75,15.60818862915039,6.078125
Step #228,2026-03-07T12:50:12,energy-efficiency,120a5552-160a-4dc7-b779-3ffef7ca3732,0.8065593466162682,4.991334042065351e-07,6.189459282166922e-07,360.0,195.75138319240065,10.0,8.066531606018557e-05,4.386281287338534e-05,2.2405776816109674e-06,0.00012676870661518236,0.0,Canada,CAN,quebec,,,Linux-5.15.0-152-generic-x86_64-with-glibc2.35,3.14.2,3.1.0,4,AMD EPYC 9554 64-Core Processor,1,1 x NVIDIA RTX A5000,4,machine,N,100,3022.87158203125,13986.0,0.5,7004.453125,15.607288360595703,6.09765625
Step #230,2026-03-07T12:50:13,energy-efficiency,120a5552-160a-4dc7-b779-3ffef7ca3732,0.8059603646397591,4.916565457247816e-07,6.097294384118362e-07,360.0,187.65827212197024,10.0,8.0610124394297e-05,4.2020589177127476e-05,2.2390384330517885e-06,0.00012486975200447573,0.0,Canada,CAN,quebec,,,Linux-5.15.0-152-generic-x86_64-with-glibc2.35,3.14.2,3.1.0,4,AMD EPYC 9554 64-Core Processor,1,1 x NVIDIA RTX A5000,4,machine,N,100,3022.87158203125,13986.0,0.5,6937.30078125,15.606781005859375,6.140625
Step #232,2026-03-07T12:50:15,energy-efficiency,120a5552-160a-4dc7-b779-3ffef7ca3732,0.8046794049441814,4.903994893927621e-07,6.097458772046481e-07,360.0,187.40247969849355,10.0,8.04408431053158e-05,4.187531126831345e-05,2.2343334741890646e-06,0.00012455048784781875,0.0,Canada,CAN,quebec,,,Linux-5.15.0-152-generic-x86_64-with-glibc2.35,3.14.2,3.1.0,4,AMD EPYC 9554 64-Core Processor,1,1 x NVIDIA RTX A5000,4,machine,N,100,3022.87158203125,13986.0,0.5,6796.828125,15.606754302978516,6.18359375
Step #234,2026-03-07T12:50:16,energy-efficiency,120a5552-160a-4dc7-b779-3ffef7ca3732,0.8049766793847084,4.915274285892531e-07,6.106157388298525e-07,360.0,185.4115630401781,10.0,8.091497756540847e-05,4.167447778513633e-05,2.2475037930740245e-06,0.0001248369591436184,0.0,Canada,CAN,quebec,,,Linux-5.15.0-152-generic-x86_64-with-glibc2.35,3.14.2,3.1.0,4,AMD EPYC 9554 64-Core Processor,1,1 x NVIDIA RTX A5000,4,machine,N,100,3022.87158203125,13986.0,0.5,6730.2109375,15.606956481933594,6.234375
Step #236,2026-03-07T12:50:18,energy-efficiency,120a5552-160a-4dc7-b779-3ffef7ca3732,0.8060567267239094,4.830372079200559e-07,5.991972316852859e-07,360.0,177.93310208650962,10.0,8.060260750353265e-05,3.9839198549884713e-05,2.2388271780477385e-06,0.00012268063323146554,0.0,Canada,CAN,quebec,,,Linux-5.15.0-152-generic-x86_64-with-glibc2.35,3.14.2,3.1.0,4,AMD EPYC 9554 64-Core Processor,1,1 x NVIDIA RTX A5000,4,machine,N,100,3022.87158203125,13986.0,0.5,6592.62890625,15.606681823730469,6.25390625
Step #238,2026-03-07T12:50:19,energy-efficiency,120a5552-160a-4dc7-b779-3ffef7ca3732,0.8043320439755917,5.143463200062102e-07,6.394689197746295e-07,360.0,214.28567111618986,10.0,8.048706501722312e-05,4.7909760553466185e-05,2.2356209655602843e-06,0.00013063244653624927,0.0,Canada,CAN,quebec,,,Linux-5.15.0-152-generic-x86_64-with-glibc2.35,3.14.2,3.1.0,4,AMD EPYC 9554 64-Core Processor,1,1 x NVIDIA RTX A5000,4,machine,N,100,3022.87158203125,13986.0,0.5,6523.25,15.606884002685547,6.29296875
Step #240,2026-03-07T12:50:21,energy-efficiency,120a5552-160a-4dc7-b779-3ffef7ca3732,0.80809311196208,5.335659372365169e-07,6.603512840326718e-07,360.0,236.22055319888005,10.0,8.047350943088567e-05,5.280504224458582e-05,2.235247215463061e-06,0.0001355137988909346,0.0,Canada,CAN,quebec,,,Linux-5.15.0-152-generic-x86_64-with-glibc2.35,3.14.2,3.1.0,4,AMD EPYC 9554 64-Core Processor,1,1 x NVIDIA RTX A5000,4,machine,N,100,3022.87158203125,13986.0,0.5,6437.3359375,15.60750961303711,6.32421875
Step #242,2026-03-07T12:50:23,energy-efficiency,120a5552-160a-4dc7-b779-3ffef7ca3732,0.8073354847729206,5.094349715215881e-07,6.309574524987675e-07,360.0,206.82490893234325,10.0,8.074960857629848e-05,4.6392537115025334e-05,2.2429283190932643e-06,0.0001293850740104168,0.0,Canada,CAN,quebec,,,Linux-5.15.0-152-generic-x86_64-with-glibc2.35,3.14.2,3.1.0,4,AMD EPYC 9554 64-Core Processor,1,1 x NVIDIA RTX A5000,4,machine,N,100,3022.87158203125,13986.0,0.5,6444.8671875,15.608020782470703,6.41015625
Step #244,2026-03-07T12:50:24,energy-efficiency,120a5552-160a-4dc7-b779-3ffef7ca3732,0.8052059523761272,5.022716790893032e-07,6.240349986435461e-07,360.0,199.616506619534,10.0,8.062162548303636e-05,4.4704757968361264e-05,2.2393747025893944e-06,0.00012756575815398713,0.0,Canada,CAN,quebec,,,Linux-5.15.0-152-generic-x86_64-with-glibc2.35,3.14.2,3.1.0,4,AMD EPYC 9554 64-Core Processor,1,1 x NVIDIA RTX A5000,4,machine,N,100,3022.87158203125,13986.0,0.5,6333.83984375,15.607730865478516,6.52734375
Step #246,2026-03-07T12:50:26,energy-efficiency,120a5552-160a-4dc7-b779-3ffef7ca3732,0.8087809719145298,5.001671104803797e-07,6.183239569193136e-07,360.0,197.19646721056705,10.0,8.062642440199823e-05,4.416531311335348e-05,2.2395073436200404e-06,0.0001270312448589713,0.0,Canada,CAN,quebec,,,Linux-5.15.0-152-generic-x86_64-with-glibc2.35,3.14.2,3.1.0,4,AMD EPYC 9554 64-Core Processor,1,1 x NVIDIA RTX A5000,4,machine,N,100,3022.87158203125,13986.0,0.5,6341.359375,15.606983184814453,6.66796875
Step #248,2026-03-07T12:50:27,energy-efficiency,120a5552-160a-4dc7-b779-3ffef7ca3732,0.8060502856969833,5.007170423645832e-07,6.210689389667343e-07,360.0,197.65506129686125,10.0,8.065025471150865e-05,4.428114654331239e-05,2.2395139870544324e-06,0.0001271709152418747,0.0,Canada,CAN,quebec,,,Linux-5.15.0-152-generic-x86_64-with-glibc2.35,3.14.2,3.1.0,4,AMD EPYC 9554 64-Core Processor,1,1 x NVIDIA RTX A5000,4,machine,N,100,3022.87158203125,13986.0,0.5,6348.90625,15.607379913330078,6.796875
Step #250,2026-03-07T12:50:29,energy-efficiency,120a5552-160a-4dc7-b779-3ffef7ca3732,0.8060993477702141,4.944565383046504e-07,6.132756569006703e-07,360.0,191.04285633720514,10.0,8.05801331996911e-05,4.276253420698595e-05,2.238220007469275e-06,0.00012558088741414578,0.0,Canada,CAN,quebec,,,Linux-5.15.0-152-generic-x86_64-with-glibc2.35,3.14.2,3.1.0,4,AMD EPYC 9554 64-Core Processor,1,1 x NVIDIA RTX A5000,4,machine,N,100,3022.87158203125,13986.0,0.5,6354.203125,15.607295989990234,7.1953125
Step #252,2026-03-07T12:50:30,energy-efficiency,120a5552-160a-4dc7-b779-3ffef7ca3732,0.8055463060736656,4.917222600320752e-07,6.103105547255915e-07,360.0,187.91594538590553,10.0,8.058364801108789e-05,4.2064478094516744e-05,2.2383158612582655e-06,0.00012488644196686355,0.0,Canada,CAN,quebec,,,Linux-5.15.0-152-generic-x86_64-with-glibc2.35,3.14.2,3.1.0,4,AMD EPYC 9554 64-Core Processor,1,1 x NVIDIA RTX A5000,4,machine,N,100,3022.87158203125,13986.0,0.5,6361.40625,15.607418060302734,7.5078125
Step #254,2026-03-07T12:50:32,energy-efficiency,120a5552-160a-4dc7-b779-3ffef7ca3732,0.8064327985048294,4.889754065010385e-07,6.061925688849723e-07,360.0,183.58941205938348,10.0,8.075975365936724e-05,4.1185866280102346e-05,2.2431827460725863e-06,0.0001241888026855438,0.0,Canada,CAN,quebec,,,Linux-5.15.0-152-generic-x86_64-with-glibc2.35,3.14.2,3.1.0,4,AMD EPYC 9554 64-Core Processor,1,1 x NVIDIA RTX A5000,4,machine,N,100,3022.87158203125,13986.0,0.5,6368.78515625,15.606422424316406,9.171875
Step #256,2026-03-07T12:50:34,energy-efficiency,120a5552-160a-4dc7-b779-3ffef7ca3732,0.805811382830143,4.870280230202215e-07,6.04295666747031e-07,360.0,182.5846798985937,10.0,8.058444224297995e-05,4.08714215893724e-05,2.238347060564479e-06,0.0001236942108929183,0.0,Canada,CAN,quebec,,,Linux-5.15.0-152-generic-x86_64-with-glibc2.35,3.14.2,3.1.0,4,AMD EPYC 9554 64-Core Processor,1,1 x NVIDIA RTX A5000,4,machine,N,100,3022.87158203125,13986.0,0.5,6376.45703125,15.606636047363281,10.12109375
Step #258,2026-03-07T12:50:35,energy-efficiency,120a5552-160a-4dc7-b779-3ffef7ca3732,0.8070575818419456,5.202337434748134e-07,6.444098468424642e-07,360.0,219.10622828763874,10.0,8.074218332767419e-05,4.9142817104552705e-05,2.242719816664834e-06,0.00013212772024889102,0.0,Canada,CAN,quebec,,,Linux-5.15.0-152-generic-x86_64-with-glibc2.35,3.14.2,3.1.0,4,AMD EPYC 9554 64-Core Processor,1,1 x NVIDIA RTX A5000,4,machine,N,100,3022.87158203125,13986.0,0.5,6382.32421875,15.606128692626953,10.19921875
Step #260,2026-03-07T12:50:37,energy-efficiency,120a5552-160a-4dc7-b779-3ffef7ca3732,0.8052015863358974,5.137064128747019e-07,6.378450424481413e-07,360.0,211.35303351648054,10.0,8.079243525862742e-05,4.743337127877112e-05,2.2441179181138457e-06,0.00013046992445551325,0.0,Canada,CAN,quebec,,,Linux-5.15.0-152-generic-x86_64-with-glibc2.35,3.14.2,3.1.0,4,AMD EPYC 9554 64-Core Processor,1,1 x NVIDIA RTX A5000,4,machine,N,100,3022.87158203125,13986.0,0.5,6389.703125,15.6068115234375,10.26953125
Step #262,2026-03-07T12:50:38,energy-efficiency,120a5552-160a-4dc7-b779-3ffef7ca3732,0.807839535176754,5.313826893059567e-07,6.576766360162268e-07,360.0,231.59254783061382,10.0,8.076074458658773e-05,5.19553193498723e-05,2.2432388737797775e-06,0.00013495930281023916,0.0,Canada,CAN,quebec,,,Linux-5.15.0-152-generic-x86_64-with-glibc2.35,3.14.2,3.1.0,4,AMD EPYC 9554 64-Core Processor,1,1 x NVIDIA RTX A5000,4,machine,N,100,3022.87158203125,13986.0,0.5,6396.65625,15.607208251953125,10.33203125
Step #264,2026-03-07T12:50:40,energy-efficiency,120a5552-160a-4dc7-b779-3ffef7ca3732,0.8060185350477695,5.11667998073762e-07,6.347966605094971e-07,360.0,210.27074349159628,10.0,8.062196262180812e-05,4.70908709928608e-05,2.2393791315456196e-06,0.00012995221274621563,0.0,Canada,CAN,quebec,,,Linux-5.15.0-152-generic-x86_64-with-glibc2.35,3.14.2,3.1.0,4,AMD EPYC 9554 64-Core Processor,1,1 x NVIDIA RTX A5000,4,machine,N,100,3022.87158203125,13986.0,0.5,6402.80078125,15.606220245361328,10.421875
Step #266,2026-03-07T12:50:41,energy-efficiency,120a5552-160a-4dc7-b779-3ffef7ca3732,0.8064502589404583,5.105046631740637e-07,6.329562690547302e-07,360.0,207.04537363183496,10.0,8.088826723396704e-05,4.6521703879420784e-05,2.246780621094856e-06,0.000129656751734486,0.0,Canada,CAN,quebec,,,Linux-5.15.0-152-generic-x86_64-with-glibc2.35,3.14.2,3.1.0,4,AMD EPYC 9554 64-Core Processor,1,1 x NVIDIA RTX A5000,4,machine,N,100,3022.87158203125,13986.0,0.5,6410.9921875,15.606433868408203,10.484375
Step #268,2026-03-07T12:50:43,energy-efficiency,120a5552-160a-4dc7-b779-3ffef7ca3732,0.8078256286680698,5.047531149977673e-07,6.247486569536422e-07,360.0,203.1527811637611,10.0,8.052000328898426e-05,4.5439480786058084e-05,2.2365032281312816e-06,0.00012819598730317433,0.0,Canada,CAN,quebec,,,Linux-5.15.0-152-generic-x86_64-with-glibc2.35,3.14.2,3.1.0,4,AMD EPYC 9554 64-Core Processor,1,1 x NVIDIA RTX A5000,4,machine,N,100,3022.87158203125,13986.0,0.5,6417.86328125,15.606536865234375,10.51171875
Step #270,2026-03-07T12:50:45,energy-efficiency,120a5552-160a-4dc7-b779-3ffef7ca3732,0.8048979379236698,5.026409851131619e-07,6.243843557846123e-07,360.0,200.71769398384578,10.0,8.05253125727174e-05,4.4897535943277944e-05,2.236705097473325e-06,0.00012765955361346976,0.0,Canada,CAN,quebec,,,Linux-5.15.0-152-generic-x86_64-with-glibc2.35,3.14.2,3.1.0,4,AMD EPYC 9554 64-Core Processor,1,1 x NVIDIA RTX A5000,4,machine,N,100,3022.87158203125,13986.0,0.5,6425.49609375,15.606800079345703,10.5234375
Step #272,2026-03-07T12:50:46,energy-efficiency,120a5552-160a-4dc7-b779-3ffef7ca3732,0.8064925409853458,4.968284039308103e-07,6.159559160038913e-07,360.0,193.5174098735865,10.0,8.061111755669134e-05,4.33330902041007e-05,2.2390804046558237e-06,0.0001261832881654483,0.0,Canada,CAN,quebec,,,Linux-5.15.0-152-generic-x86_64-with-glibc2.35,3.14.2,3.1.0,4,AMD EPYC 9554 64-Core Processor,1,1 x NVIDIA RTX A5000,4,machine,N,100,3022.87158203125,13986.0,0.5,6434.03125,15.606773376464844,10.60546875
Step #274,2026-03-07T12:50:48,energy-efficiency,120a5552-160a-4dc7-b779-3ffef7ca3732,0.8069202154874802,4.955429222257328e-07,6.140101366137475e-07,360.0,191.20011415274664,10.0,8.073453791439603e-05,4.2879756520619594e-05,2.2425101656053004e-06,0.00012585680460061935,0.0,Canada,CAN,quebec,,,Linux-5.15.0-152-generic-x86_64-with-glibc2.35,3.14.2,3.1.0,4,AMD EPYC 9554 64-Core Processor,1,1 x NVIDIA RTX A5000,4,machine,N,100,3022.87158203125,13986.0,0.5,6437.91015625,15.606986999511719,10.6875
Step #276,2026-03-07T12:50:49,energy-efficiency,120a5552-160a-4dc7-b779-3ffef7ca3732,0.8067142032086849,4.929546663659604e-07,6.109477843850032e-07,360.0,187.88709986958358,10.0,8.078980892896673e-05,4.216558929215353e-05,2.2440473549068213e-06,0.0001251994455760269,0.0,Canada,CAN,quebec,,,Linux-5.15.0-152-generic-x86_64-with-glibc2.35,3.14.2,3.1.0,4,AMD EPYC 9554 64-Core Processor,1,1 x NVIDIA RTX A5000,4,machine,N,100,3022.87158203125,13986.0,0.5,6445.4609375,15.606239318847656,10.78515625
Step #278,2026-03-07T12:50:51,energy-efficiency,120a5552-160a-4dc7-b779-3ffef7ca3732,0.8063943386077881,4.885386934637507e-07,6.05738101829887e-07,360.0,184.537985348341,10.0,8.054964691400594e-05,4.129086636339707e-05,2.2373740768266833e-06,0.0001240778873542285,0.0,Canada,CAN,quebec,,,Linux-5.15.0-152-generic-x86_64-with-glibc2.35,3.14.2,3.1.0,4,AMD EPYC 9554 64-Core Processor,1,1 x NVIDIA RTX A5000,4,machine,N,100,3022.87158203125,13986.0,0.5,6452.3984375,15.607173919677734,10.8515625
Step #280,2026-03-07T12:50:52,energy-efficiency,120a5552-160a-4dc7-b779-3ffef7ca3732,0.8057597503066063,4.862840364797561e-07,6.033096795159909e-07,360.0,181.55938185157135,10.0,8.061087056994432e-05,4.065531030050806e-05,2.2390741027063558e-06,0.0001235052549731601,0.0,Canada,CAN,quebec,,,Linux-5.15.0-152-generic-x86_64-with-glibc2.35,3.14.2,3.1.0,4,AMD EPYC 9554 64-Core Processor,1,1 x NVIDIA RTX A5000,4,machine,N,100,3022.87158203125,13986.0,0.5,6459.85546875,15.607086181640625,10.90234375
Step #282,2026-03-07T12:50:54,energy-efficiency,120a5552-160a-4dc7-b779-3ffef7ca3732,0.8039359860122204,4.796480082010061e-07,5.965620203404357e-07,360.0,171.95130925862358,10.0,8.09204787015922e-05,3.865169759365017e-05,2.2476761084463904e-06,0.000121819852403688,0.0,Canada,CAN,quebec,,,Linux-5.15.0-152-generic-x86_64-with-glibc2.35,3.14.2,3.1.0,4,AMD EPYC 9554 64-Core Processor,1,1 x NVIDIA RTX A5000,4,machine,N,100,3022.87158203125,13986.0,0.5,6470.33984375,15.608123779296875,10.953125
Step #284,2026-03-07T12:50:56,energy-efficiency,120a5552-160a-4dc7-b779-3ffef7ca3732,0.811381071805954,5.280977387640281e-07,6.507389816344263e-07,360.0,227.5229978881235,10.0,8.080817721784102e-05,5.107226309064572e-05,2.24455863030422e-06,0.00013412499893879215,0.0,Canada,CAN,quebec,,,Linux-5.15.0-152-generic-x86_64-with-glibc2.35,3.14.2,3.1.0,4,AMD EPYC 9554 64-Core Processor,1,1 x NVIDIA RTX A5000,4,machine,N,100,3022.87158203125,13986.0,0.5,6477.85546875,15.608196258544922,11.01953125
Step #286,2026-03-07T12:50:57,energy-efficiency,120a5552-160a-4dc7-b779-3ffef7ca3732,0.8062865808606148,5.124820188494338e-07,6.356292889859941e-07,360.0,211.04728439118566,10.0,8.064230382442451e-05,4.7276704492560384e-05,2.239947476320779e-06,0.00013015895579330736,0.0,Canada,CAN,quebec,,,Linux-5.15.0-152-generic-x86_64-with-glibc2.35,3.14.2,3.1.0,4,AMD EPYC 9554 64-Core Processor,1,1 x NVIDIA RTX A5000,4,machine,N,100,3022.87158203125,13986.0,0.5,6490.97265625,15.610572814941406,13.40625
Step #288,2026-03-07T12:50:59,energy-efficiency,120a5552-160a-4dc7-b779-3ffef7ca3732,0.8059491664171219,5.103450204215279e-07,6.337134731652117e-07,360.0,208.3701701435845,10.0,8.067773729562681e-05,4.669753735697668e-05,2.240931397924802e-06,0.00012961620605052987,0.0,Canada,CAN,quebec,,,Linux-5.15.0-152-generic-x86_64-with-glibc2.35,3.14.2,3.1.0,4,AMD EPYC 9554 64-Core Processor,1,1 x NVIDIA RTX A5000,4,machine,N,100,3022.87158203125,13986.0,0.5,6496.19921875,15.60629653930664,13.453125
Step #290,2026-03-07T12:51:00,energy-efficiency,120a5552-160a-4dc7-b779-3ffef7ca3732,0.807627446949482,5.031625851654694e-07,6.22647918064985e-07,360.0,200.75182577075665,10.0,8.059907928109102e-05,4.495420262173866e-05,2.2387464427285923e-06,0.0001277920283455601,0.0,Canada,CAN,quebec,,,Linux-5.15.0-152-generic-x86_64-with-glibc2.35,3.14.2,3.1.0,4,AMD EPYC 9554 64-Core Processor,1,1 x NVIDIA RTX A5000,4,machine,N,100,3022.87158203125,13986.0,0.5,6503.2578125,15.60675048828125,13.55078125
Step #292,2026-03-07T12:51:02,energy-efficiency,120a5552-160a-4dc7-b779-3ffef7ca3732,0.8047504462301731,5.045325587851374e-07,6.265278228280316e-07,360.0,202.59907726200274,10.0,8.056275956332647e-05,4.533948072094063e-05,2.237730680240528e-06,0.00012813997096450952,0.0,Canada,CAN,quebec,,,Linux-5.15.0-152-generic-x86_64-with-glibc2.35,3.14.2,3.1.0,4,AMD EPYC 9554 64-Core Processor,1,1 x NVIDIA RTX A5000,4,machine,N,100,3022.87158203125,13986.0,0.5,6508.78515625,15.606964111328125,13.59375
Step #294,2026-03-07T12:51:03,energy-efficiency,120a5552-160a-4dc7-b779-3ffef7ca3732,0.8060606829822063,4.987052046807644e-07,6.185814237804963e-07,360.0,195.693614843313,10.0,8.060435913503222e-05,4.3816701719379125e-05,2.238892670720818e-06,0.00012665995352513157,0.0,Canada,CAN,quebec,,,Linux-5.15.0-152-generic-x86_64-with-glibc2.35,3.14.2,3.1.0,4,AMD EPYC 9554 64-Core Processor,1,1 x NVIDIA RTX A5000,4,machine,N,100,3022.87158203125,13986.0,0.5,6516.7734375,15.607177734375,13.61328125
Step #296,2026-03-07T12:51:05,energy-efficiency,120a5552-160a-4dc7-b779-3ffef7ca3732,0.8042738437652588,4.983023926970583e-07,6.197434526658172e-07,360.0,196.55156884829194,10.0,8.04172512143854e-05,4.390670177656375e-05,2.233695311264867e-06,0.00012655764830221336,0.0,Canada,CAN,quebec,,,Linux-5.15.0-152-generic-x86_64-with-glibc2.35,3.14.2,3.1.0,4,AMD EPYC 9554 64-Core Processor,1,1 x NVIDIA RTX A5000,4,machine,N,100,3022.87158203125,13986.0,0.5,6523.19921875,15.607582092285156,13.6796875
Step #298,2026-03-07T12:51:07,energy-efficiency,120a5552-160a-4dc7-b779-3ffef7ca3732,0.8074863068759441,4.897458265285762e-07,6.064005544879037e-07,360.0,184.58392958320928,10.0,8.074199706315996e-05,4.139975533234974e-05,2.242719723532572e-06,0.00012438447211904347,0.0,Canada,CAN,quebec,,,Linux-5.15.0-152-generic-x86_64-with-glibc2.35,3.14.2,3.1.0,4,AMD EPYC 9554 64-Core Processor,1,1 x NVIDIA RTX A5000,4,machine,N,100,3022.87158203125,13986.0,0.5,6528.96484375,15.60659408569336,13.72265625
Step #300,2026-03-07T12:51:08,energy-efficiency,120a5552-160a-4dc7-b779-3ffef7ca3732,0.8049365133047104,4.880422183108237e-07,6.062405783274242e-07,360.0,184.20465316952445,10.0,8.051615245640263e-05,4.119919962874974e-05,2.236441698753172e-06,0.00012395179378390728,0.0,Canada,CAN,quebec,,,Linux-5.15.0-152-generic-x86_64-with-glibc2.35,3.14.2,3.1.0,4,AMD EPYC 9554 64-Core Processor,1,1 x NVIDIA RTX A5000,4,machine,N,100,3022.87158203125,13986.0,0.5,6539.38671875,15.6065673828125,13.78515625
Step #302,2026-03-07T12:51:10,energy-efficiency,120a5552-160a-4dc7-b779-3ffef7ca3732,0.8089256398379803,4.871569916783215e-07,6.021530235615393e-07,360.0,180.47117955291642,10.0,8.091523647308328e-05,4.056419911080411e-05,2.247530459943746e-06,0.00012372696604383282,0.0,Canada,CAN,quebec,,,Linux-5.15.0-152-generic-x86_64-with-glibc2.35,3.14.2,3.1.0,4,AMD EPYC 9554 64-Core Processor,1,1 x NVIDIA RTX A5000,4,machine,N,100,3022.87158203125,13986.0,0.5,6548.93359375,15.606754302978516,13.84765625
Step #304,2026-03-07T12:51:11,energy-efficiency,120a5552-160a-4dc7-b779-3ffef7ca3732,0.8080213703215122,4.884187549819156e-07,6.043607904690051e-07,360.0,182.41972565600028,10.0,8.083865642547622e-05,4.096336611780771e-05,2.245403122570755e-06,0.0001240474256658554,0.0,Canada,CAN,quebec,,,Linux-5.15.0-152-generic-x86_64-with-glibc2.35,3.14.2,3.1.0,4,AMD EPYC 9554 64-Core Processor,1,1 x NVIDIA RTX A5000,4,machine,N,100,3022.87158203125,13986.0,0.5,6553.85546875,15.60696792602539,13.91015625
Step #306,2026-03-07T12:51:13,energy-efficiency,120a5552-160a-4dc7-b779-3ffef7ca3732,0.8052961155772209,5.148951532593806e-07,6.394963394832339e-07,360.0,214.63474991952768,10.0,8.052483759820456e-05,4.801031619194873e-05,2.2366841013233022e-06,0.0001307718378914767,0.0,Canada,CAN,quebec,,,Linux-5.15.0-152-generic-x86_64-with-glibc2.35,3.14.2,3.1.0,4,AMD EPYC 9554 64-Core Processor,1,1 x NVIDIA RTX A5000,4,machine,N,100,3022.87158203125,13986.0,0.5,6561.10546875,15.606697082519531,13.96875
Step #308,2026-03-07T12:51:14,energy-efficiency,120a5552-160a-4dc7-b779-3ffef7ca3732,0.80612438544631,5.145302789211583e-07,6.38263199274882e-07,360.0,212.3297578340116,10.0,8.078629486262846e-05,4.764892700848122e-05,2.2439461097949177e-06,0.00013067916798090162,0.0,Canada,CAN,quebec,,,Linux-5.15.0-152-generic-x86_64-with-glibc2.35,3.14.2,3.1.0,4,AMD EPYC 9554 64-Core Processor,1,1 x NVIDIA RTX A5000,4,machine,N,100,3022.87158203125,13986.0,0.5,6571.76171875,15.606910705566406,14.03125
Step #310,2026-03-07T12:51:16,energy-efficiency,120a5552-160a-4dc7-b779-3ffef7ca3732,0.808114193379879,5.114840181426322e-07,6.328431184827154e-07,360.0,210.4399777216225,10.0,8.05694714188579e-05,4.709809323344416e-05,2.2379213116234943e-06,0.00012990548596392495,0.0,Canada,CAN,quebec,,,Linux-5.15.0-152-generic-x86_64-with-glibc2.35,3.14.2,3.1.0,4,AMD EPYC 9554 64-Core Processor,1,1 x NVIDIA RTX A5000,4,machine,N,100,3022.87158203125,13986.0,0.5,6573.3671875,15.60677719116211,14.0546875
Step #312,2026-03-07T12:51:18,energy-efficiency,120a5552-160a-4dc7-b779-3ffef7ca3732,0.8087636046111584,5.078975439599313e-07,6.27729424890752e-07,360.0,203.98486368129667,10.0,8.09042762964958e-05,4.584309223787386e-05,2.2472333059542888e-06,0.00012899460184032444,0.0,Canada,CAN,quebec,,,Linux-5.15.0-152-generic-x86_64-with-glibc2.35,3.14.2,3.1.0,4,AMD EPYC 9554 64-Core Processor,1,1 x NVIDIA RTX A5000,4,machine,N,100,3022.87158203125,13986.0,0.5,6580.87109375,15.606616973876953,14.0703125
Step #314,2026-03-07T12:51:19,energy-efficiency,120a5552-160a-4dc7-b779-3ffef7ca3732,0.8070905581116676,5.043869576858585e-07,6.249522464526814e-07,360.0,201.58073613680318,10.0,8.068298883736127e-05,4.517892502065024e-05,2.2410776880052202e-06,0.0001281029915460169,0.0,Canada,CAN,quebec,,,Linux-5.15.0-152-generic-x86_64-with-glibc2.35,3.14.2,3.1.0,4,AMD EPYC 9554 64-Core Processor,1,1 x NVIDIA RTX A5000,4,machine,N,100,3022.87158203125,13986.0,0.5,6588.390625,15.60634994506836,14.09765625
Step #316,2026-03-07T12:51:21,energy-efficiency,120a5552-160a-4dc7-b779-3ffef7ca3732,0.8033050559461117,5.045342816872048e-07,6.279537169351267e-07,360.0,203.54651506025527,10.0,8.042993582785089e-05,4.547642527086282e-05,2.2340474443303037e-06,0.00012814040854304543,0.0,Canada,CAN,quebec,,,Linux-5.15.0-152-generic-x86_64-with-glibc2.35,3.14.2,3.1.0,4,AMD EPYC 9554 64-Core Processor,1,1 x NVIDIA RTX A5000,4,machine,N,100,3022.87158203125,13986.0,0.5,6596.35546875,15.606800079345703,14.1328125
Step #318,2026-03-07T12:51:22,energy-efficiency,120a5552-160a-4dc7-b779-3ffef7ca3732,0.8059805370867252,5.001166463820323e-07,6.203873467727103e-07,360.0,194.94463550031304,10.0,8.093963488936366e-05,4.38305906129699e-05,2.2482026057939002e-06,0.00012701842810812838,0.0,Canada,CAN,quebec,,,Linux-5.15.0-152-generic-x86_64-with-glibc2.35,3.14.2,3.1.0,4,AMD EPYC 9554 64-Core Processor,1,1 x NVIDIA RTX A5000,4,machine,N,100,3022.87158203125,13986.0,0.5,6607.1171875,15.607013702392578,14.19921875
Step #320,2026-03-07T12:51:24,energy-efficiency,120a5552-160a-4dc7-b779-3ffef7ca3732,0.8078776262700558,5.079619748160489e-07,6.286501574751494e-07,360.0,206.44546753047555,10.0,8.056911826133731e-05,4.620392584797628e-05,2.2379217255446703e-06,0.00012901096583485885,0.0,Canada,CAN,quebec,,,Linux-5.15.0-152-generic-x86_64-with-glibc2.35,3.14.2,3.1.0,4,AMD EPYC 9554 64-Core Processor,1,1 x NVIDIA RTX A5000,4,machine,N,100,3022.87158203125,13986.0,0.5,6614.71484375,15.606929779052734,14.25
Step #322,2026-03-07T12:51:25,energy-efficiency,120a5552-160a-4dc7-b779-3ffef7ca3732,0.806271106004715,4.923691332190354e-07,6.105697751430053e-07,360.0,188.0668845330048,10.0,8.066782243549772e-05,4.21422559355733e-05,2.240654898600443e-06,0.00012505073326967223,0.0,Canada,CAN,quebec,,,Linux-5.15.0-152-generic-x86_64-with-glibc2.35,3.14.2,3.1.0,4,AMD EPYC 9554 64-Core Processor,1,1 x NVIDIA RTX A5000,4,machine,N,100,3022.87158203125,13986.0,0.5,6621.1953125,15.606182098388672,14.30859375
Step #324,2026-03-07T12:51:27,energy-efficiency,120a5552-160a-4dc7-b779-3ffef7ca3732,0.8055251687765121,4.87033983219705e-07,6.046200335220219e-07,360.0,183.02424418605577,10.0,8.052114509046054e-05,4.093808830418766e-05,2.236491255462169e-06,0.0001236957246501108,0.0,Canada,CAN,quebec,,,Linux-5.15.0-152-generic-x86_64-with-glibc2.35,3.14.2,3.1.0,4,AMD EPYC 9554 64-Core Processor,1,1 x NVIDIA RTX A5000,4,machine,N,100,3022.87158203125,13986.0,0.5,6629.1484375,15.607009887695312,14.34375
Step #326,2026-03-07T12:51:29,energy-efficiency,120a5552-160a-4dc7-b779-3ffef7ca3732,0.8073467500507832,4.838425974734446e-07,5.99183152900431e-07,360.0,177.82473156754773,10.0,8.075295165181108e-05,3.988919858954887e-05,2.2430339000291313e-06,0.0001228851841413893,0.0,Canada,CAN,quebec,,,Linux-5.15.0-152-generic-x86_64-with-glibc2.35,3.14.2,3.1.0,4,AMD EPYC 9554 64-Core Processor,1,1 x NVIDIA RTX A5000,4,machine,N,100,3022.87158203125,13986.0,0.5,6638.09765625,15.606609344482422,14.38671875
Step #328,2026-03-07T12:51:30,energy-efficiency,120a5552-160a-4dc7-b779-3ffef7ca3732,0.8040226474404335,5.012737084247274e-07,6.233749442103293e-07,360.0,198.81220334981035,10.0,8.05752832442521e-05,4.449892449542858e-05,2.238088214976937e-06,0.00012731229595466104,0.0,Canada,CAN,quebec,,,Linux-5.15.0-152-generic-x86_64-with-glibc2.35,3.14.2,3.1.0,4,AMD EPYC 9554 64-Core Processor,1,1 x NVIDIA RTX A5000,4,machine,N,100,3022.87158203125,13986.0,0.5,6645.28515625,15.606582641601562,14.4140625
Step #330,2026-03-07T12:51:32,energy-efficiency,120a5552-160a-4dc7-b779-3ffef7ca3732,0.8062906488776207,5.129787434832845e-07,6.361000724112436e-07,360.0,211.49479351920579,10.0,8.065829128026981e-05,4.738642680024441e-05,2.2403946456809676e-06,0.00013028511272619378,0.0,Canada,CAN,quebec,,,Linux-5.15.0-152-generic-x86_64-with-glibc2.35,3.14.2,3.1.0,4,AMD EPYC 9554 64-Core Processor,1,1 x NVIDIA RTX A5000,4,machine,N,100,3022.87158203125,13986.0,0.5,6655.53125,15.60678482055664,14.47265625
Step #332,2026-03-07T12:51:33,energy-efficiency,120a5552-160a-4dc7-b779-3ffef7ca3732,0.8040852174162865,5.143577473843173e-07,6.396637726794498e-07,360.0,214.10365669623772,10.0,8.051393106579818e-05,4.7885038313211226e-05,2.236379455361091e-06,0.00013063534883437158,0.0,Canada,CAN,quebec,,,Linux-5.15.0-152-generic-x86_64-with-glibc2.35,3.14.2,3.1.0,4,AMD EPYC 9554 64-Core Processor,1,1 x NVIDIA RTX A5000,4,machine,N,100,3022.87158203125,13986.0,0.5,6663.703125,15.606754302978516,14.5078125
Step #334,2026-03-07T12:51:35,energy-efficiency,120a5552-160a-4dc7-b779-3ffef7ca3732,0.8041582480072975,5.114491901942456e-07,6.358950597773777e-07,360.0,211.29502864291132,10.0,8.044545799493728e-05,4.72167044449634e-05,2.2344780051046205e-06,0.00012989664044500693,0.0,Canada,CAN,quebec,,,Linux-5.15.0-152-generic-x86_64-with-glibc2.35,3.14.2,3.1.0,4,AMD EPYC 9554 64-Core Processor,1,1 x NVIDIA RTX A5000,4,machine,N,100,3022.87158203125,13986.0,0.5,6669.6484375,15.606487274169922,14.5390625
Step #336,2026-03-07T12:51:36,energy-efficiency,120a5552-160a-4dc7-b779-3ffef7ca3732,0.8055804781615734,5.105323880730598e-07,6.336338482409895e-07,360.0,209.28632153172276,10.0,8.057971410453321e-05,4.684587079850644e-05,2.2382083348930124e-06,0.00012966379323793228,0.0,Canada,CAN,quebec,,,Linux-5.15.0-152-generic-x86_64-with-glibc2.35,3.14.2,3.1.0,4,AMD EPYC 9554 64-Core Processor,1,1 x NVIDIA RTX A5000,4,machine,N,100,3022.87158203125,13986.0,0.5,6677.53515625,15.606220245361328,14.56640625
Step #338,2026-03-07T12:51:38,energy-efficiency,120a5552-160a-4dc7-b779-3ffef7ca3732,0.8048673570156097,5.018398840599516e-07,6.233390453162887e-07,360.0,199.81646530201425,10.0,8.052411340177083e-05,4.469531354800438e-05,2.2366649367742855e-06,0.00012745609188654847,0.0,Canada,CAN,quebec,,,Linux-5.15.0-152-generic-x86_64-with-glibc2.35,3.14.2,3.1.0,4,AMD EPYC 9554 64-Core Processor,1,1 x NVIDIA RTX A5000,4,machine,N,100,3022.87158203125,13986.0,0.5,6682.9453125,15.606327056884766,14.58203125
Step #340,2026-03-07T12:51:40,energy-efficiency,120a5552-160a-4dc7-b779-3ffef7ca3732,0.8049037978053093,4.998665965790661e-07,6.20942518370018e-07,360.0,197.64676938975606,10.0,8.051405325531884e-05,4.42044798205643e-05,2.2363879821366765e-06,0.0001269549210580201,0.0,Canada,CAN,quebec,,,Linux-5.15.0-152-generic-x86_64-with-glibc2.35,3.14.2,3.1.0,4,AMD EPYC 9554 64-Core Processor,1,1 x NVIDIA RTX A5000,4,machine,N,100,3022.87158203125,13986.0,0.5,6689.89453125,15.605926513671875,14.6171875
Step #342,2026-03-07T12:51:41,energy-efficiency,120a5552-160a-4dc7-b779-3ffef7ca3732,0.8050756007432938,4.994248838991377e-07,6.202968760726134e-07,360.0,195.78679116694158,10.0,8.070735894143664e-05,4.3893646235915185e-05,2.2417307520906146e-06,0.00012684273592944093,0.0,Canada,CAN,quebec,,,Linux-5.15.0-152-generic-x86_64-with-glibc2.35,3.14.2,3.1.0,4,AMD EPYC 9554 64-Core Processor,1,1 x NVIDIA RTX A5000,4,machine,N,100,3022.87158203125,13986.0,0.4,6699.890625,15.605892181396484,14.64453125
Step #344,2026-03-07T12:51:43,energy-efficiency,120a5552-160a-4dc7-b779-3ffef7ca3732,0.803071666508913,4.942720752082957e-07,6.153913987451991e-07,360.0,192.33425146368143,10.0,8.036508709192286e-05,4.293670102128999e-05,2.2322498054967786e-06,0.0001255340379187099,0.0,Canada,CAN,quebec,,,Linux-5.15.0-152-generic-x86_64-with-glibc2.35,3.14.2,3.1.0,4,AMD EPYC 9554 64-Core Processor,1,1 x NVIDIA RTX A5000,4,machine,N,100,3022.87158203125,13986.0,0.5,6706.984375,15.606586456298828,14.6796875
Step #346,2026-03-07T12:51:44,energy-efficiency,120a5552-160a-4dc7-b779-3ffef7ca3732,0.8057694286108017,4.897260734704596e-07,6.077343102186355e-07,360.0,185.56926214362446,10.0,8.059550523757848e-05,4.154531100653003e-05,2.2386390405396703e-06,0.0001243794552846511,0.0,Canada,CAN,quebec,,,Linux-5.15.0-152-generic-x86_64-with-glibc2.35,3.14.2,3.1.0,4,AMD EPYC 9554 64-Core Processor,1,1 x NVIDIA RTX A5000,4,machine,N,100,3022.87158203125,13986.0,0.4,6714.2578125,15.6060791015625,14.72265625
Step #348,2026-03-07T12:51:46,energy-efficiency,120a5552-160a-4dc7-b779-3ffef7ca3732,0.8045517839491367,4.915662226059582e-07,6.109018212559266e-07,360.0,186.34256471225498,10.0,8.078590445220399e-05,4.1816977898179175e-05,2.2439296046892587e-06,0.000124846811955074,0.0,Canada,CAN,quebec,,,Linux-5.15.0-152-generic-x86_64-with-glibc2.35,3.14.2,3.1.0,4,AMD EPYC 9554 64-Core Processor,1,1 x NVIDIA RTX A5000,4,machine,N,100,3022.87158203125,13986.0,0.4,6722.90234375,15.606101989746094,14.73046875
Step #350,2026-03-07T12:51:47,energy-efficiency,120a5552-160a-4dc7-b779-3ffef7ca3732,0.805842611938715,4.850834988380043e-07,6.019095558947511e-07,360.0,180.25240701943352,10.0,8.060286045074444e-05,4.035864338902684e-05,2.2388414583272257e-06,0.00012320034529809953,0.0,Canada,CAN,quebec,,,Linux-5.15.0-152-generic-x86_64-with-glibc2.35,3.14.2,3.1.0,4,AMD EPYC 9554 64-Core Processor,1,1 x NVIDIA RTX A5000,4,machine,N,100,3022.87158203125,13986.0,0.4,6730.0546875,15.606014251708984,14.77734375
Step #352,2026-03-07T12:51:49,energy-efficiency,120a5552-160a-4dc7-b779-3ffef7ca3732,0.8057027012109756,4.864364269872905e-07,6.036848377103921e-07,360.0,179.53567334558477,10.0,8.093313798308334e-05,4.03628100542619e-05,2.2480107119513958e-06,0.00012354395874929897,0.0,Canada,CAN,quebec,,,Linux-5.15.0-152-generic-x86_64-with-glibc2.35,3.14.2,3.1.0,4,AMD EPYC 9554 64-Core Processor,1,1 x NVIDIA RTX A5000,4,machine,N,100,3022.87158203125,13986.0,0.4,6736.4140625,15.60622787475586,18.19140625
Step #354,2026-03-07T12:51:51,energy-efficiency,120a5552-160a-4dc7-b779-3ffef7ca3732,0.8041954711079597,5.150005875023819e-07,6.402936435586117e-07,360.0,215.51956497311983,10.0,8.041956014931233e-05,4.81453162848311e-05,2.233739393866748e-06,0.00013079861582800806,0.0,Canada,CAN,quebec,,,Linux-5.15.0-152-generic-x86_64-with-glibc2.35,3.14.2,3.1.0,4,AMD EPYC 9554 64-Core Processor,1,1 x NVIDIA RTX A5000,4,machine,N,100,3022.87158203125,13986.0,0.4,6740.01953125,15.606674194335938,18.2109375
Step #356,2026-03-07T12:51:52,energy-efficiency,120a5552-160a-4dc7-b779-3ffef7ca3732,0.8051549233496189,5.154641929635721e-07,6.401184585989941e-07,360.0,214.2893010394914,10.0,8.066164404153808e-05,4.801448285718379e-05,2.2402343340217836e-06,0.0001309163612327434,0.0,Canada,CAN,quebec,,,Linux-5.15.0-152-generic-x86_64-with-glibc2.35,3.14.2,3.1.0,4,AMD EPYC 9554 64-Core Processor,1,1 x NVIDIA RTX A5000,4,machine,N,100,3022.87158203125,13986.0,0.5,6749.0078125,15.606395721435547,18.25
Step #358,2026-03-07T12:51:54,energy-efficiency,120a5552-160a-4dc7-b779-3ffef7ca3732,0.8089459203183651,5.091421798826047e-07,6.29281041539733e-07,360.0,206.8424239878422,10.0,8.070076592266509e-05,4.6368370419713756e-05,2.2415751487844414e-06,0.00012931071149116166,0.0,Canada,CAN,quebec,,,Linux-5.15.0-152-generic-x86_64-with-glibc2.35,3.14.2,3.1.0,4,AMD EPYC 9554 64-Core Processor,1,1 x NVIDIA RTX A5000,4,machine,N,100,3022.87158203125,13986.0,0.5,6756.41796875,15.607067108154297,18.32421875
Step #360,2026-03-07T12:51:55,energy-efficiency,120a5552-160a-4dc7-b779-3ffef7ca3732,0.8043982163071632,5.018227918899193e-07,6.237415933717721e-07,360.0,200.14642228064986,10.0,8.047475889325084e-05,4.4741702467376854e-05,2.235289497507951e-06,0.00012745175085813673,0.0,Canada,CAN,quebec,,,Linux-5.15.0-152-generic-x86_64-with-glibc2.35,3.14.2,3.1.0,4,AMD EPYC 9554 64-Core Processor,1,1 x NVIDIA RTX A5000,4,machine,N,100,3022.87158203125,13986.0,0.5,6759.75390625,15.606800079345703,18.3671875
Step #362,2026-03-07T12:51:57,energy-efficiency,120a5552-160a-4dc7-b779-3ffef7ca3732,0.8075412251055241,5.002872523169157e-07,6.19478691759964e-07,360.0,197.34820773271127,10.0,8.062422089278633e-05,4.4198090918712296e-05,2.2394463833835614e-06,0.0001270617581948831,0.0,Canada,CAN,quebec,,,Linux-5.15.0-152-generic-x86_64-with-glibc2.35,3.14.2,3.1.0,4,AMD EPYC 9554 64-Core Processor,1,1 x NVIDIA RTX A5000,4,machine,N,100,3022.87158203125,13986.0,0.5,6767.34375,15.606773376464844,18.40234375
Step #364,2026-03-07T12:51:58,energy-efficiency,120a5552-160a-4dc7-b779-3ffef7ca3732,0.8028406240046024,4.983613711955891e-07,6.206623349128521e-07,360.0,197.19061945808758,10.0,8.033615127205768e-05,4.400503519264021e-05,2.2314410553210084e-06,0.00012657262752002046,0.0,Canada,CAN,quebec,,,Linux-5.15.0-152-generic-x86_64-with-glibc2.35,3.14.2,3.1.0,4,AMD EPYC 9554 64-Core Processor,1,1 x NVIDIA RTX A5000,4,machine,N,100,3022.87158203125,13986.0,0.5,6778.3828125,15.607269287109375,18.44921875
Step #366,2026-03-07T12:52:00,energy-efficiency,120a5552-160a-4dc7-b779-3ffef7ca3732,0.8102413006126881,4.932356037296785e-07,6.081486025093434e-07,360.0,188.32852604427603,10.0,8.077193982899272e-05,4.225531158397189e-05,2.2435459618766994e-06,0.00012527079737484,0.0,Canada,CAN,quebec,,,Linux-5.15.0-152-generic-x86_64-with-glibc2.35,3.14.2,3.1.0,4,AMD EPYC 9554 64-Core Processor,1,1 x NVIDIA RTX A5000,4,machine,N,100,3022.87158203125,13986.0,0.5,6789.6328125,15.607357025146484,18.46484375
Step #368,2026-03-07T12:52:02,energy-efficiency,120a5552-160a-4dc7-b779-3ffef7ca3732,0.8055338487029076,4.933562045069545e-07,6.125416066114862e-07,360.0,189.9672294750588,10.0,8.055525496602003e-05,4.250864510879637e-05,2.2375271966060175e-06,0.0001253014272714209,0.0,Canada,CAN,quebec,,,Linux-5.15.0-152-generic-x86_64-with-glibc2.35,3.14.2,3.1.0,4,AMD EPYC 9554 64-Core Processor,1,1 x NVIDIA RTX A5000,4,machine,N,100,3022.87158203125,13986.0,0.5,6797.27734375,15.607330322265625,18.4921875
Step #370,2026-03-07T12:52:03,energy-efficiency,120a5552-160a-4dc7-b779-3ffef7ca3732,0.8038351647555828,4.88540478655862e-07,6.076744047191059e-07,360.0,184.02376482135074,10.0,8.062468208372593e-05,4.1214199640648985e-05,2.2394590286745173e-06,0.000124078340753047,0.0,Canada,CAN,quebec,,,Linux-5.15.0-152-generic-x86_64-with-glibc2.35,3.14.2,3.1.0,4,AMD EPYC 9554 64-Core Processor,1,1 x NVIDIA RTX A5000,4,machine,N,100,3022.87158203125,13986.0,0.5,6804.14453125,15.607063293457031,18.55078125
Step #372,2026-03-07T12:52:05,energy-efficiency,120a5552-160a-4dc7-b779-3ffef7ca3732,0.8073160722851753,5.199540539334568e-07,6.439337362378715e-07,360.0,218.63154923796688,10.0,8.076387941837251e-05,4.9049483692442664e-05,2.2433222581942766e-06,0.00013205668536901,0.0,Canada,CAN,quebec,,,Linux-5.15.0-152-generic-x86_64-with-glibc2.35,3.14.2,3.1.0,4,AMD EPYC 9554 64-Core Processor,1,1 x NVIDIA RTX A5000,4,machine,N,100,3022.87158203125,13986.0,0.5,6812.69140625,15.607513427734375,18.57421875
Step #374,2026-03-07T12:52:06,energy-efficiency,120a5552-160a-4dc7-b779-3ffef7ca3732,0.8028501011431217,5.140134935915274e-07,6.398642238767796e-07,360.0,210.87341545341582,10.0,8.090750835835873e-05,4.739309345325182e-05,2.2473142689300872e-06,0.00013054791608054298,0.0,Canada,CAN,quebec,,,Linux-5.15.0-152-generic-x86_64-with-glibc2.35,3.14.2,3.1.0,4,AMD EPYC 9554 64-Core Processor,1,1 x NVIDIA RTX A5000,4,machine,N,100,3022.87158203125,13986.0,0.5,6816.60546875,15.60745620727539,18.6328125
Step #376,2026-03-07T12:52:08,energy-efficiency,120a5552-160a-4dc7-b779-3ffef7ca3732,0.8089219443500042,5.121298558760499e-07,6.329825068611534e-07,360.0,209.29468989225373,10.0,8.08306872844694e-05,4.699364870930367e-05,2.245178290953239e-06,0.00013006951428472593,0.0,Canada,CAN,quebec,,,Linux-5.15.0-152-generic-x86_64-with-glibc2.35,3.14.2,3.1.0,4,AMD EPYC 9554 64-Core Processor,1,1 x NVIDIA RTX A5000,4,machine,N,100,3022.87158203125,13986.0,0.5,6821.03125,15.607181549072266,18.71875
Step #378,2026-03-07T12:52:09,energy-efficiency,120a5552-160a-4dc7-b779-3ffef7ca3732,0.8076442293822765,5.125650543619004e-07,6.347438415232612e-07,360.0,210.24108089673348,10.0,8.076741546392437e-05,4.7169204393071595e-05,2.243425096902583e-06,0.00013018004495389882,0.0,Canada,CAN,quebec,,,Linux-5.15.0-152-generic-x86_64-with-glibc2.35,3.14.2,3.1.0,4,AMD EPYC 9554 64-Core Processor,1,1 x NVIDIA RTX A5000,4,machine,N,100,3022.87158203125,13986.0,0.5,6828.33203125,15.605831146240234,18.78515625
Step #380,2026-03-07T12:52:11,energy-efficiency,120a5552-160a-4dc7-b779-3ffef7ca3732,0.8050040490925312,5.116348497179163e-07,6.354359509741427e-07,360.0,210.500267582924,10.0,8.058485351502935e-05,4.712059325129303e-05,2.238347039868415e-06,0.00012994379380618787,0.0,Canada,CAN,quebec,,,Linux-5.15.0-152-generic-x86_64-with-glibc2.35,3.14.2,3.1.0,4,AMD EPYC 9554 64-Core Processor,1,1 x NVIDIA RTX A5000,4,machine,N,100,3022.87158203125,13986.0,0.5,6835.50390625,15.606388092041016,18.83203125
Step #382,2026-03-07T12:52:13,energy-efficiency,120a5552-160a-4dc7-b779-3ffef7ca3732,0.8076984249055386,5.241767528589011e-07,6.490615637890807e-07,360.0,224.80128024851413,10.0,8.05751979351052e-05,5.0315873593831384e-05,2.238084800127479e-06,0.00013312915632906347,0.0,Canada,CAN,quebec,,,Linux-5.15.0-152-generic-x86_64-with-glibc2.35,3.14.2,3.1.0,4,AMD EPYC 9554 64-Core Processor,1,1 x NVIDIA RTX A5000,4,machine,N,100,3022.87158203125,13986.0,0.5,6843.44921875,15.606948852539062,18.875
Step #384,2026-03-07T12:52:14,energy-efficiency,120a5552-160a-4dc7-b779-3ffef7ca3732,0.8046727776527405,5.038365807848221e-07,6.257352018713971e-07,360.0,202.05765632780242,10.0,8.052779547870238e-05,4.5198647285360494e-05,2.2367653747399556e-06,0.00012796320813879963,0.0,Canada,CAN,quebec,,,Linux-5.15.0-152-generic-x86_64-with-glibc2.35,3.14.2,3.1.0,4,AMD EPYC 9554 64-Core Processor,1,1 x NVIDIA RTX A5000,4,machine,N,100,3022.87158203125,13986.0,0.5,6854.65234375,15.607162475585938,18.90625
Step #386,2026-03-07T12:52:16,energy-efficiency,120a5552-160a-4dc7-b779-3ffef7ca3732,0.8065992407500744,4.998001790106673e-07,6.19705940024705e-07,360.0,198.00938309945326,10.0,8.045196942985111e-05,4.425142429909101e-05,2.234658754120256e-06,0.00012693805248306309,0.0,Canada,CAN,quebec,,,Linux-5.15.0-152-generic-x86_64-with-glibc2.35,3.14.2,3.1.0,4,AMD EPYC 9554 64-Core Processor,1,1 x NVIDIA RTX A5000,4,machine,N,100,3022.87158203125,13986.0,0.5,6861.95703125,15.607845306396484,18.9296875
Step #388,2026-03-07T12:52:17,energy-efficiency,120a5552-160a-4dc7-b779-3ffef7ca3732,0.8060323521494865,4.972824284071371e-07,6.170009285931591e-07,360.0,193.86752712375375,10.0,8.063466288149405e-05,4.342420142222636e-05,2.2397359108759286e-06,0.0001262986002145937,0.0,Canada,CAN,quebec,,,Linux-5.15.0-152-generic-x86_64-with-glibc2.35,3.14.2,3.1.0,4,AMD EPYC 9554 64-Core Processor,1,1 x NVIDIA RTX A5000,4,machine,N,100,3022.87158203125,13986.0,0.5,6865.9609375,15.60577392578125,18.98046875
Step #390,2026-03-07T12:52:19,energy-efficiency,120a5552-160a-4dc7-b779-3ffef7ca3732,0.8068907782435417,4.932150670579908e-07,6.11376139993001e-07,360.0,189.21622961820802,10.0,8.064037412404933e-05,4.238531170130955e-05,2.2398956947856648e-06,0.0001252655815201474,0.0,Canada,CAN,quebec,,,Linux-5.15.0-152-generic-x86_64-with-glibc2.35,3.14.2,3.1.0,4,AMD EPYC 9554 64-Core Processor,1,1 x NVIDIA RTX A5000,4,machine,N,100,3022.87158203125,13986.0,0.5,6873.69140625,15.606708526611328,19.01171875
Step #392,2026-03-07T12:52:20,energy-efficiency,120a5552-160a-4dc7-b779-3ffef7ca3732,0.8060374408960342,4.915306361877195e-07,6.099374754856768e-07,360.0,187.60183655045898,10.0,8.059764541685707e-05,4.2001422485782314e-05,2.2387058991525004e-06,0.00012483777380179265,0.0,Canada,CAN,quebec,,,Linux-5.15.0-152-generic-x86_64-with-glibc2.35,3.14.2,3.1.0,4,AMD EPYC 9554 64-Core Processor,1,1 x NVIDIA RTX A5000,4,machine,N,100,3022.87158203125,13986.0,0.5,6881.31640625,15.606922149658203,19.03515625
Step #394,2026-03-07T12:52:22,energy-efficiency,120a5552-160a-4dc7-b779-3ffef7ca3732,0.8070404753088951,4.891218728749527e-07,6.059639119783791e-07,360.0,184.4386484731259,10.0,8.06602451950307e-05,4.1325310832007744e-05,2.2404458373784957e-06,0.00012422600186441646,0.0,Canada,CAN,quebec,,,Linux-5.15.0-152-generic-x86_64-with-glibc2.35,3.14.2,3.1.0,4,AMD EPYC 9554 64-Core Processor,1,1 x NVIDIA RTX A5000,4,machine,N,100,3022.87158203125,13986.0,0.5,6892.55859375,15.607376098632812,19.0625
Step #396,2026-03-07T12:52:24,energy-efficiency,120a5552-160a-4dc7-b779-3ffef7ca3732,0.806286659091711,4.983434216921333e-07,6.179734143165199e-07,360.0,194.89637738200813,10.0,8.065954707562814e-05,4.366809049827225e-05,2.240431174221956e-06,0.0001265680687481223,0.0,Canada,CAN,quebec,,,Linux-5.15.0-152-generic-x86_64-with-glibc2.35,3.14.2,3.1.0,4,AMD EPYC 9554 64-Core Processor,1,1 x NVIDIA RTX A5000,4,machine,N,100,3022.87158203125,13986.0,0.5,6896.51953125,15.607559204101562,19.0859375
